10,,10,,10,,10,,10,,10,,10,,10,,10,,10,
Manual run 4:10_UV,,Manual run 4:10_Cond,,Manual run 4:10_Cond%,,Manual run 4:10_Conc,,Manual run 4:10_Pressure,,Manual run 4:10_Flow,,Manual run 4:10_Temp,,Manual run 4:10_Fractions,,Manual run 4:10_Inject,,Manual run 4:10_Logbook,
ml, mAU,ml, mS/cm,ml, %,ml, %B,ml, MPa,ml, ml/min,ml, °C,ml,(Fractions),ml,(Injections),ml,(Set Marks)
0.00,11.21,0.00,19.94,0.00,19.90,0.00,0.00,0.00,0.04,0.00,0.50,0.00,8.90,36.98,1,0.00,3,-0.01,"Manual Run 17.01.2025, 14:13:32 W. Europe Standard Time, Result : c:\...\"
0.13,12.92,0.13,19.97,0.13,20.00,0.13,100.00,0.13,0.14,0.13,0.50,0.13,8.90,37.98,2,,,-0.01,User default in control of the run
0.26,21.55,0.26,19.93,0.26,19.90,0.26,100.00,0.26,0.18,0.26,0.50,0.26,8.90,38.98,3,,,-0.01,Flow     0.50 ml/min (Manual)
0.39,626.93,0.39,19.21,0.39,19.10,0.39,100.00,0.39,0.19,0.39,0.50,0.39,8.90,39.98,4,,,-0.01,"Gradient    100.0 %B,     0.00  min (Manual)"
0.52,637.71,0.52,19.56,0.52,19.60,0.52,100.00,0.52,0.21,0.52,0.50,0.52,8.90,40.98,5,,,-0.01,InjectionValve Inject  (Manual)
0.65,644.32,0.65,19.25,0.65,19.30,0.65,100.00,0.65,0.21,0.65,0.50,0.65,8.80,41.98,6,,,-0.01,ColumnPosition Position8  (Manual)
0.78,647.60,0.78,19.01,0.78,19.00,0.78,100.00,0.78,0.19,0.78,0.50,0.78,8.80,42.98,7,,,-0.01,"Alarm_Pressure Enabled ,    0.420 MPa,    0.000 MPa (Manual)"
0.91,662.86,0.91,18.98,0.91,19.00,0.91,100.00,0.91,0.19,0.91,0.50,0.91,8.80,43.98,8,,,-0.01,"Pause_Timer Time, 3.00 min"
1.04,651.20,1.04,18.98,1.04,19.00,1.04,100.00,1.04,0.20,1.04,0.50,1.04,8.70,44.98,9,,,1.48,"Pause 17.01.2025, 14:16:32(Pause_Timer Timeout)"
1.17,647.37,1.17,19.05,1.17,19.10,1.17,100.00,1.17,0.20,1.17,0.50,1.17,8.70,45.98,10,,,1.48,"Pause_Timer Time, 3.00 min"
1.30,642.54,1.30,19.13,1.30,19.10,1.30,100.00,1.30,0.20,1.30,0.50,1.30,8.70,46.98,11,,,1.48,"Continue 17.01.2025, 14:16:39 (Manual)"
1.43,639.09,1.43,19.21,1.43,19.20,1.43,100.00,1.43,0.20,1.43,0.50,1.43,8.60,47.98,12,,,2.98,"Pause 17.01.2025, 14:19:39(Pause_Timer Timeout)"
1.56,673.06,1.56,19.38,1.56,19.40,1.56,100.00,1.56,0.17,1.56,0.50,1.56,8.60,48.98,13,,,2.98,"Pause_Timer Volume, 97.00 ml"
1.69,643.52,1.69,19.38,1.69,19.40,1.69,100.00,1.69,0.19,1.69,0.50,1.69,8.60,49.98,14,,,2.98,Flow     0.75 ml/min (Manual)
1.82,632.35,1.82,19.39,1.82,19.40,1.82,100.00,1.82,0.19,1.82,0.50,1.82,8.50,50.98,15,,,2.98,InjectionValve Load  (Manual)
1.95,624.44,1.95,19.43,1.95,19.40,1.95,100.00,1.95,0.20,1.95,0.50,1.95,8.50,51.97,16,,,2.98,"Continue 17.01.2025, 14:19:43 (Manual)"
2.08,617.95,2.08,19.46,2.08,19.50,2.08,100.00,2.08,0.21,2.08,0.50,2.08,8.50,52.97,17,,,4.09,Flow     1.00 ml/min (Manual)
2.21,611.26,2.21,19.47,2.21,19.50,2.21,100.00,2.21,0.20,2.21,0.50,2.21,8.50,53.40,Waste,,,36.97,Fractionation_900    1.000 ml (Manual)
2.34,604.12,2.34,19.49,2.34,19.50,2.34,100.00,2.34,0.20,2.34,0.50,2.34,8.40,,,,,53.40,No more tubes
2.47,599.26,2.47,19.51,2.47,19.50,2.47,100.00,2.47,0.21,2.47,0.50,2.47,8.40,,,,,53.40,"Pause 17.01.2025, 15:10:31 (System)"
2.60,588.17,2.60,19.52,2.60,19.50,2.60,100.00,2.60,0.20,2.60,0.50,2.60,8.40,,,,,53.40,<ACK> default No more tubes
2.72,581.37,2.72,19.52,2.72,19.50,2.72,100.00,2.72,0.20,2.72,0.50,2.72,8.40,,,,,53.40,Fractionation_Stop_900  (Manual)
2.85,573.90,2.85,19.53,2.85,19.50,2.85,100.00,2.85,0.20,2.85,0.50,2.85,8.40,,,,,53.40,"Continue 17.01.2025, 15:18:10 (Manual)"
2.98,610.25,2.98,19.56,2.98,19.60,2.98,100.00,2.98,0.17,2.98,0.75,2.98,8.40,,,,,53.58,"End_Timer Volume, 70.00 ml"
3.11,505.87,3.11,19.50,3.11,19.50,3.11,100.00,3.11,0.28,3.11,0.75,3.11,8.40,,,,,53.77,'Frac' [0] error {30}: Feed tube error
3.24,494.29,3.24,19.47,3.24,19.50,3.24,100.00,3.24,0.28,3.24,0.75,3.24,8.30,,,,,53.77,"Pause 17.01.2025, 15:18:34 (Manual)"
3.37,488.51,3.37,19.48,3.37,19.50,3.37,100.00,3.37,0.28,3.37,0.75,3.37,8.30,,,,,53.77,"Continue 17.01.2025, 15:18:40 (Manual)"
3.50,483.23,3.50,19.50,3.50,19.50,3.50,100.00,3.50,0.28,3.50,0.75,3.50,8.30,,,,,,
3.63,477.77,3.63,19.51,3.63,19.50,3.63,100.00,3.63,0.28,3.63,0.75,3.63,8.30,,,,,,
3.76,473.21,3.76,19.52,3.76,19.50,3.76,100.00,3.76,0.28,3.76,0.75,3.76,8.30,,,,,,
3.89,467.90,3.89,19.54,3.89,19.50,3.89,100.00,3.89,0.28,3.89,0.75,3.89,8.30,,,,,,
4.02,461.70,4.02,19.55,4.02,19.60,4.02,100.00,4.02,0.28,4.02,0.75,4.02,8.30,,,,,,
4.15,416.51,4.15,19.56,4.15,19.60,4.15,100.00,4.15,0.35,4.15,1.00,4.15,8.30,,,,,,
4.28,392.59,4.28,19.52,4.28,19.50,4.28,100.00,4.28,0.36,4.28,1.00,4.28,8.30,,,,,,
4.41,386.16,4.41,19.52,4.41,19.50,4.41,100.00,4.41,0.37,4.41,1.00,4.41,8.20,,,,,,
4.54,381.10,4.54,19.53,4.54,19.50,4.54,100.00,4.54,0.37,4.54,1.00,4.54,8.20,,,,,,
4.67,378.23,4.67,19.53,4.67,19.50,4.67,100.00,4.67,0.36,4.67,1.00,4.67,8.20,,,,,,
4.80,374.50,4.80,19.54,4.80,19.50,4.80,100.00,4.80,0.36,4.80,1.00,4.80,8.20,,,,,,
4.93,369.89,4.93,19.55,4.93,19.50,4.93,100.00,4.93,0.36,4.93,1.00,4.93,8.20,,,,,,
5.06,366.53,5.06,19.56,5.06,19.60,5.06,100.00,5.06,0.36,5.06,1.00,5.06,8.20,,,,,,
5.19,361.55,5.19,19.56,5.19,19.60,5.19,100.00,5.19,0.36,5.19,1.00,5.19,8.20,,,,,,
5.32,357.74,5.32,19.56,5.32,19.60,5.32,100.00,5.32,0.36,5.32,1.00,5.32,8.20,,,,,,
5.45,355.34,5.45,19.56,5.45,19.60,5.45,100.00,5.45,0.36,5.45,1.00,5.45,8.20,,,,,,
5.58,351.21,5.58,19.57,5.58,19.60,5.58,100.00,5.58,0.36,5.58,1.00,5.58,8.20,,,,,,
5.71,347.39,5.71,19.57,5.71,19.60,5.71,100.00,5.71,0.36,5.71,1.00,5.71,8.20,,,,,,
5.84,344.50,5.84,19.57,5.84,19.60,5.84,100.00,5.84,0.36,5.84,1.00,5.84,8.20,,,,,,
5.97,339.67,5.97,19.57,5.97,19.60,5.97,100.00,5.97,0.36,5.97,1.00,5.97,8.20,,,,,,
6.10,336.49,6.10,19.57,6.10,19.60,6.10,100.00,6.10,0.36,6.10,1.00,6.10,8.20,,,,,,
6.23,333.21,6.23,19.57,6.23,19.60,6.23,100.00,6.23,0.36,6.23,1.00,6.23,8.20,,,,,,
6.36,329.05,6.36,19.57,6.36,19.60,6.36,100.00,6.36,0.36,6.36,1.00,6.36,8.20,,,,,,
6.49,326.34,6.49,19.57,6.49,19.60,6.49,100.00,6.49,0.36,6.49,1.00,6.49,8.20,,,,,,
6.62,323.42,6.62,19.57,6.62,19.60,6.62,100.00,6.62,0.36,6.62,1.00,6.62,8.20,,,,,,
6.75,319.44,6.75,19.56,6.75,19.60,6.75,100.00,6.75,0.37,6.75,1.00,6.75,8.20,,,,,,
6.88,316.23,6.88,19.56,6.88,19.60,6.88,100.00,6.88,0.36,6.88,1.00,6.88,8.20,,,,,,
7.01,313.80,7.01,19.56,7.01,19.60,7.01,100.00,7.01,0.36,7.01,1.00,7.01,8.20,,,,,,
7.14,309.34,7.14,19.56,7.14,19.60,7.14,100.00,7.14,0.36,7.14,1.00,7.14,8.20,,,,,,
7.27,306.66,7.27,19.56,7.27,19.60,7.27,100.00,7.27,0.36,7.27,1.00,7.27,8.20,,,,,,
7.40,303.87,7.40,19.56,7.40,19.60,7.40,100.00,7.40,0.36,7.40,1.00,7.40,8.10,,,,,,
7.53,300.22,7.53,19.56,7.53,19.60,7.53,100.00,7.53,0.36,7.53,1.00,7.53,8.10,,,,,,
7.66,297.55,7.66,19.56,7.66,19.60,7.66,100.00,7.66,0.36,7.66,1.00,7.66,8.10,,,,,,
7.79,295.08,7.79,19.56,7.79,19.60,7.79,100.00,7.79,0.36,7.79,1.00,7.79,8.10,,,,,,
7.92,290.92,7.92,19.56,7.91,19.60,7.91,100.00,7.91,0.36,7.92,1.00,7.92,8.10,,,,,,
8.05,288.95,8.04,19.56,8.04,19.60,8.04,100.00,8.04,0.36,8.04,1.00,8.04,8.10,,,,,,
8.17,286.11,8.17,19.56,8.17,19.60,8.17,100.00,8.17,0.36,8.17,1.00,8.17,8.10,,,,,,
8.30,282.22,8.30,19.56,8.30,19.60,8.30,100.00,8.30,0.36,8.30,1.00,8.30,8.10,,,,,,
8.43,279.98,8.43,19.56,8.43,19.60,8.43,100.00,8.43,0.36,8.43,1.00,8.43,8.10,,,,,,
8.56,278.34,8.56,19.56,8.56,19.60,8.56,100.00,8.56,0.36,8.56,1.00,8.56,8.10,,,,,,
8.69,273.32,8.69,19.56,8.69,19.60,8.69,100.00,8.69,0.36,8.69,1.00,8.69,8.10,,,,,,
8.82,271.93,8.82,19.56,8.82,19.60,8.82,100.00,8.82,0.36,8.82,1.00,8.82,8.10,,,,,,
8.95,269.44,8.95,19.56,8.95,19.60,8.95,100.00,8.95,0.36,8.95,1.00,8.95,8.10,,,,,,
9.08,264.99,9.08,19.56,9.08,19.60,9.08,100.00,9.08,0.37,9.08,1.00,9.08,8.10,,,,,,
9.21,261.74,9.21,19.56,9.21,19.60,9.21,100.00,9.21,0.36,9.21,1.00,9.21,8.10,,,,,,
9.34,260.45,9.34,19.56,9.34,19.60,9.34,100.00,9.34,0.36,9.34,1.00,9.34,8.10,,,,,,
9.47,254.95,9.47,19.56,9.47,19.60,9.47,100.00,9.47,0.36,9.47,1.00,9.47,8.10,,,,,,
9.60,250.97,9.60,19.56,9.60,19.60,9.60,100.00,9.60,0.36,9.60,1.00,9.60,8.10,,,,,,
9.73,250.47,9.73,19.56,9.73,19.60,9.73,100.00,9.73,0.36,9.73,1.00,9.73,8.10,,,,,,
9.86,12.42,9.86,19.56,9.86,19.60,9.86,100.00,9.86,0.36,9.86,1.00,9.86,8.10,,,,,,
9.99,12.42,9.99,19.55,9.99,19.50,9.99,100.00,9.99,0.36,9.99,1.00,9.99,8.10,,,,,,
10.12,12.51,10.12,19.56,10.12,19.60,10.12,100.00,10.12,0.36,10.12,1.00,10.12,8.10,,,,,,
10.25,12.53,10.25,19.56,10.25,19.60,10.25,100.00,10.25,0.29,10.25,1.00,10.25,8.10,,,,,,
10.38,12.65,10.38,19.57,10.38,19.60,10.38,100.00,10.38,0.36,10.38,1.00,10.38,8.10,,,,,,
10.51,12.59,10.51,19.56,10.51,19.60,10.51,100.00,10.51,0.36,10.51,1.00,10.51,8.10,,,,,,
10.64,12.62,10.64,19.56,10.64,19.60,10.64,100.00,10.64,0.36,10.64,1.00,10.64,8.10,,,,,,
10.77,12.80,10.77,19.56,10.77,19.60,10.77,100.00,10.77,0.36,10.77,1.00,10.77,8.10,,,,,,
10.90,12.60,10.90,19.57,10.90,19.60,10.90,100.00,10.90,0.36,10.90,1.00,10.90,8.10,,,,,,
11.03,12.63,11.03,19.57,11.03,19.60,11.03,100.00,11.03,0.36,11.03,1.00,11.03,8.00,,,,,,
11.16,12.72,11.16,19.57,11.16,19.60,11.16,100.00,11.16,0.36,11.16,1.00,11.16,8.00,,,,,,
11.29,12.68,11.29,19.57,11.29,19.60,11.29,100.00,11.29,0.36,11.29,1.00,11.29,8.00,,,,,,
11.42,12.92,11.42,19.57,11.42,19.60,11.42,100.00,11.42,0.36,11.42,1.00,11.42,8.00,,,,,,
11.55,12.73,11.55,19.57,11.55,19.60,11.55,100.00,11.55,0.36,11.55,1.00,11.55,8.00,,,,,,
11.68,12.92,11.68,19.57,11.68,19.60,11.68,100.00,11.68,0.36,11.68,1.00,11.68,8.00,,,,,,
11.81,12.91,11.81,19.57,11.81,19.60,11.81,100.00,11.81,0.36,11.81,1.00,11.81,8.00,,,,,,
11.94,12.96,11.94,19.57,11.94,19.60,11.94,100.00,11.94,0.36,11.94,1.00,11.94,8.00,,,,,,
12.07,12.99,12.07,19.57,12.07,19.60,12.07,100.00,12.07,0.36,12.07,1.00,12.07,8.00,,,,,,
12.20,12.91,12.20,19.58,12.20,19.60,12.20,100.00,12.20,0.36,12.20,1.00,12.20,8.00,,,,,,
12.33,12.97,12.33,19.59,12.33,19.60,12.33,100.00,12.33,0.36,12.33,1.00,12.33,8.00,,,,,,
12.46,13.28,12.46,19.59,12.46,19.60,12.46,100.00,12.46,0.36,12.46,1.00,12.46,8.00,,,,,,
12.59,13.11,12.59,19.59,12.59,19.60,12.59,100.00,12.59,0.36,12.59,1.00,12.59,8.00,,,,,,
12.72,13.12,12.72,19.58,12.72,19.60,12.72,100.00,12.72,0.36,12.72,1.00,12.72,8.00,,,,,,
12.85,13.08,12.85,19.58,12.85,19.60,12.85,100.00,12.85,0.36,12.85,1.00,12.85,8.00,,,,,,
12.98,13.06,12.98,19.56,12.98,19.60,12.98,100.00,12.98,0.36,12.98,1.00,12.98,8.00,,,,,,
13.11,13.10,13.11,19.56,13.11,19.60,13.11,100.00,13.11,0.36,13.11,1.00,13.11,8.00,,,,,,
13.24,13.19,13.24,19.55,13.23,19.60,13.23,100.00,13.23,0.36,13.24,1.00,13.24,8.00,,,,,,
13.37,13.25,13.36,19.55,13.36,19.50,13.36,100.00,13.36,0.36,13.36,1.00,13.36,8.00,,,,,,
13.49,13.27,13.49,19.55,13.49,19.50,13.49,100.00,13.49,0.36,13.49,1.00,13.49,8.00,,,,,,
13.62,13.31,13.62,19.54,13.62,19.50,13.62,100.00,13.62,0.36,13.62,1.00,13.62,8.00,,,,,,
13.75,13.27,13.75,19.54,13.75,19.50,13.75,100.00,13.75,0.36,13.75,1.00,13.75,8.00,,,,,,
13.88,13.39,13.88,19.53,13.88,19.50,13.88,100.00,13.88,0.36,13.88,1.00,13.88,8.00,,,,,,
14.01,13.35,14.01,19.52,14.01,19.50,14.01,100.00,14.01,0.36,14.01,1.00,14.01,8.00,,,,,,
14.14,13.29,14.14,19.51,14.14,19.50,14.14,100.00,14.14,0.36,14.14,1.00,14.14,8.00,,,,,,
14.27,13.40,14.27,19.51,14.27,19.50,14.27,100.00,14.27,0.36,14.27,1.00,14.27,8.00,,,,,,
14.40,13.40,14.40,19.51,14.40,19.50,14.40,100.00,14.40,0.37,14.40,1.00,14.40,8.00,,,,,,
14.53,13.54,14.53,19.49,14.53,19.50,14.53,100.00,14.53,0.36,14.53,1.00,14.53,8.00,,,,,,
14.66,13.48,14.66,19.49,14.66,19.50,14.66,100.00,14.66,0.36,14.66,1.00,14.66,8.00,,,,,,
14.79,13.50,14.79,19.49,14.79,19.50,14.79,100.00,14.79,0.36,14.79,1.00,14.79,8.00,,,,,,
14.92,13.55,14.92,19.48,14.92,19.50,14.92,100.00,14.92,0.36,14.92,1.00,14.92,8.00,,,,,,
15.05,13.51,15.05,19.48,15.05,19.50,15.05,100.00,15.05,0.36,15.05,1.00,15.05,8.00,,,,,,
15.18,13.42,15.18,19.48,15.18,19.50,15.18,100.00,15.18,0.37,15.18,1.00,15.18,8.00,,,,,,
15.31,13.51,15.31,19.47,15.31,19.50,15.31,100.00,15.31,0.36,15.31,1.00,15.31,8.00,,,,,,
15.44,13.55,15.44,19.47,15.44,19.50,15.44,100.00,15.44,0.36,15.44,1.00,15.44,8.00,,,,,,
15.57,13.63,15.57,19.48,15.57,19.50,15.57,100.00,15.57,0.36,15.57,1.00,15.57,8.00,,,,,,
15.70,13.54,15.70,19.47,15.70,19.50,15.70,100.00,15.70,0.36,15.70,1.00,15.70,8.00,,,,,,
15.83,13.62,15.83,19.47,15.83,19.50,15.83,100.00,15.83,0.36,15.83,1.00,15.83,8.00,,,,,,
15.96,13.63,15.96,19.48,15.96,19.50,15.96,100.00,15.96,0.36,15.96,1.00,15.96,8.00,,,,,,
16.09,13.63,16.09,19.47,16.09,19.50,16.09,100.00,16.09,0.36,16.09,1.00,16.09,8.00,,,,,,
16.22,13.67,16.22,19.47,16.22,19.50,16.22,100.00,16.22,0.36,16.22,1.00,16.22,7.90,,,,,,
16.35,13.76,16.35,19.46,16.35,19.50,16.35,100.00,16.35,0.36,16.35,1.00,16.35,7.90,,,,,,
16.48,13.69,16.48,19.46,16.48,19.50,16.48,100.00,16.48,0.36,16.48,1.00,16.48,7.90,,,,,,
16.61,13.62,16.61,19.47,16.61,19.50,16.61,100.00,16.61,0.36,16.61,1.00,16.61,7.90,,,,,,
16.74,13.73,16.74,19.46,16.74,19.50,16.74,100.00,16.74,0.36,16.74,1.00,16.74,7.90,,,,,,
16.87,13.69,16.87,19.47,16.87,19.50,16.87,100.00,16.87,0.36,16.87,1.00,16.87,7.90,,,,,,
17.00,13.66,17.00,19.47,17.00,19.50,17.00,100.00,17.00,0.36,17.00,1.00,17.00,7.90,,,,,,
17.13,13.66,17.13,19.48,17.13,19.50,17.13,100.00,17.13,0.36,17.13,1.00,17.13,7.90,,,,,,
17.26,13.75,17.26,19.50,17.26,19.50,17.26,100.00,17.26,0.36,17.26,1.00,17.26,7.90,,,,,,
17.39,13.85,17.39,19.52,17.39,19.50,17.39,100.00,17.39,0.36,17.39,1.00,17.39,7.90,,,,,,
17.52,13.88,17.52,19.52,17.52,19.50,17.52,100.00,17.52,0.36,17.52,1.00,17.52,7.90,,,,,,
17.65,13.83,17.65,19.52,17.65,19.50,17.65,100.00,17.65,0.36,17.65,1.00,17.65,7.90,,,,,,
17.78,13.79,17.78,19.52,17.78,19.50,17.78,100.00,17.78,0.36,17.78,1.00,17.78,7.90,,,,,,
17.91,13.73,17.91,19.52,17.91,19.50,17.91,100.00,17.91,0.36,17.91,1.00,17.91,7.90,,,,,,
18.04,13.78,18.04,19.53,18.04,19.50,18.04,100.00,18.04,0.36,18.04,1.00,18.04,7.90,,,,,,
18.17,13.74,18.17,19.52,18.17,19.50,18.17,100.00,18.17,0.36,18.17,1.00,18.17,7.90,,,,,,
18.30,13.67,18.30,19.52,18.30,19.50,18.30,100.00,18.30,0.36,18.30,1.00,18.30,7.90,,,,,,
18.43,13.79,18.43,19.51,18.42,19.50,18.42,100.00,18.42,0.36,18.43,1.00,18.43,7.90,,,,,,
18.56,13.80,18.56,19.55,18.55,19.60,18.55,100.00,18.55,0.36,18.56,1.00,18.56,7.90,,,,,,
18.69,13.91,18.68,19.57,18.68,19.60,18.68,100.00,18.68,0.36,18.68,1.00,18.68,7.90,,,,,,
18.82,13.84,18.81,19.59,18.81,19.60,18.81,100.00,18.81,0.36,18.81,1.00,18.81,7.90,,,,,,
18.94,13.82,18.94,19.59,18.94,19.60,18.94,100.00,18.94,0.36,18.94,1.00,18.94,7.90,,,,,,
19.07,13.96,19.07,19.60,19.07,19.60,19.07,100.00,19.07,0.36,19.07,1.00,19.07,7.90,,,,,,
19.20,13.87,19.20,19.62,19.20,19.60,19.20,100.00,19.20,0.36,19.20,1.00,19.20,7.90,,,,,,
19.33,13.89,19.33,19.62,19.33,19.60,19.33,100.00,19.33,0.36,19.33,1.00,19.33,7.90,,,,,,
19.46,13.87,19.46,19.62,19.46,19.60,19.46,100.00,19.46,0.35,19.46,1.00,19.46,7.90,,,,,,
19.59,13.93,19.59,19.63,19.59,19.60,19.59,100.00,19.59,0.36,19.59,1.00,19.59,7.90,,,,,,
19.72,13.86,19.72,19.67,19.72,19.70,19.72,100.00,19.72,0.36,19.72,1.00,19.72,7.90,,,,,,
19.85,13.87,19.85,19.64,19.85,19.60,19.85,100.00,19.85,0.36,19.85,1.00,19.85,7.90,,,,,,
19.98,13.86,19.98,19.64,19.98,19.60,19.98,100.00,19.98,0.36,19.98,1.00,19.98,7.90,,,,,,
20.11,13.92,20.11,19.63,20.11,19.60,20.11,100.00,20.11,0.36,20.11,1.00,20.11,7.90,,,,,,
20.24,13.95,20.24,19.62,20.24,19.60,20.24,100.00,20.24,0.36,20.24,1.00,20.24,7.90,,,,,,
20.37,13.94,20.37,19.61,20.37,19.60,20.37,100.00,20.37,0.36,20.37,1.00,20.37,8.00,,,,,,
20.50,13.96,20.50,19.60,20.50,19.60,20.50,100.00,20.50,0.36,20.50,1.00,20.50,8.00,,,,,,
20.63,13.86,20.63,19.59,20.63,19.60,20.63,100.00,20.63,0.36,20.63,1.00,20.63,8.00,,,,,,
20.76,13.95,20.76,19.58,20.76,19.60,20.76,100.00,20.76,0.36,20.76,1.00,20.76,8.00,,,,,,
20.89,13.88,20.89,19.57,20.89,19.60,20.89,100.00,20.89,0.36,20.89,1.00,20.89,8.00,,,,,,
21.02,13.82,21.02,19.56,21.02,19.60,21.02,100.00,21.02,0.36,21.02,1.00,21.02,8.00,,,,,,
21.15,13.94,21.15,19.54,21.15,19.50,21.15,100.00,21.15,0.36,21.15,1.00,21.15,8.00,,,,,,
21.28,13.97,21.28,19.53,21.28,19.50,21.28,100.00,21.28,0.36,21.28,1.00,21.28,8.00,,,,,,
21.41,13.83,21.41,19.54,21.41,19.50,21.41,100.00,21.41,0.36,21.41,1.00,21.41,8.00,,,,,,
21.54,13.89,21.54,19.54,21.54,19.50,21.54,100.00,21.54,0.36,21.54,1.00,21.54,8.00,,,,,,
21.67,13.95,21.67,19.53,21.67,19.50,21.67,100.00,21.67,0.36,21.67,1.00,21.67,8.00,,,,,,
21.80,13.83,21.80,19.53,21.80,19.50,21.80,100.00,21.80,0.36,21.80,1.00,21.80,8.00,,,,,,
21.93,13.96,21.93,19.52,21.93,19.50,21.93,100.00,21.93,0.36,21.93,1.00,21.93,8.00,,,,,,
22.06,13.91,22.06,19.52,22.06,19.50,22.06,100.00,22.06,0.36,22.06,1.00,22.06,8.00,,,,,,
22.19,13.92,22.19,19.51,22.19,19.50,22.19,100.00,22.19,0.36,22.19,1.00,22.19,7.90,,,,,,
22.32,13.93,22.32,19.50,22.32,19.50,22.32,100.00,22.32,0.36,22.32,1.00,22.32,7.90,,,,,,
22.45,13.99,22.45,19.49,22.45,19.50,22.45,100.00,22.45,0.36,22.45,1.00,22.45,7.90,,,,,,
22.58,14.10,22.58,19.50,22.58,19.50,22.58,100.00,22.58,0.36,22.58,1.00,22.58,7.90,,,,,,
22.71,14.02,22.71,19.48,22.71,19.50,22.71,100.00,22.71,0.36,22.71,1.00,22.71,7.90,,,,,,
22.84,14.10,22.84,19.50,22.84,19.50,22.84,100.00,22.84,0.37,22.84,1.00,22.84,7.90,,,,,,
22.97,13.95,22.97,19.48,22.97,19.50,22.97,100.00,22.97,0.36,22.97,1.00,22.97,7.90,,,,,,
23.10,14.27,23.10,19.48,23.10,19.50,23.10,100.00,23.10,0.36,23.10,1.00,23.10,7.90,,,,,,
23.23,14.09,23.23,19.48,23.23,19.50,23.23,100.00,23.23,0.37,23.23,1.00,23.23,7.90,,,,,,
23.36,14.19,23.36,19.48,23.36,19.50,23.36,100.00,23.36,0.37,23.36,1.00,23.36,7.90,,,,,,
23.49,14.18,23.49,19.48,23.49,19.50,23.49,100.00,23.49,0.37,23.49,1.00,23.49,7.90,,,,,,
23.62,14.26,23.62,19.46,23.62,19.50,23.62,100.00,23.62,0.36,23.62,1.00,23.62,7.90,,,,,,
23.75,14.23,23.75,19.46,23.74,19.50,23.74,100.00,23.74,0.36,23.75,1.00,23.75,7.90,,,,,,
23.88,14.27,23.88,19.46,23.87,19.50,23.87,100.00,23.87,0.36,23.88,1.00,23.88,7.90,,,,,,
24.01,14.28,24.00,19.46,24.00,19.50,24.00,100.00,24.00,0.37,24.00,1.00,24.00,7.90,,,,,,
24.14,14.36,24.13,19.46,24.13,19.50,24.13,100.00,24.13,0.37,24.13,1.00,24.13,7.80,,,,,,
24.27,14.37,24.26,19.47,24.26,19.50,24.26,100.00,24.26,0.36,24.26,1.00,24.26,7.80,,,,,,
24.39,14.33,24.39,19.46,24.39,19.50,24.39,100.00,24.39,0.37,24.39,1.00,24.39,7.80,,,,,,
24.52,14.43,24.52,19.46,24.52,19.50,24.52,100.00,24.52,0.36,24.52,1.00,24.52,7.80,,,,,,
24.65,14.46,24.65,19.47,24.65,19.50,24.65,100.00,24.65,0.37,24.65,1.00,24.65,7.80,,,,,,
24.78,14.46,24.78,19.47,24.78,19.50,24.78,100.00,24.78,0.36,24.78,1.00,24.78,7.80,,,,,,
24.91,14.57,24.91,19.46,24.91,19.50,24.91,100.00,24.91,0.36,24.91,1.00,24.91,7.80,,,,,,
25.04,14.56,25.04,19.46,25.04,19.50,25.04,100.00,25.04,0.36,25.04,1.00,25.04,7.80,,,,,,
25.17,14.61,25.17,19.45,25.17,19.50,25.17,100.00,25.17,0.36,25.17,1.00,25.17,7.80,,,,,,
25.30,14.57,25.30,19.45,25.30,19.40,25.30,100.00,25.30,0.36,25.30,1.00,25.30,7.80,,,,,,
25.43,14.63,25.43,19.45,25.43,19.50,25.43,100.00,25.43,0.36,25.43,1.00,25.43,7.80,,,,,,
25.56,14.73,25.56,19.45,25.56,19.50,25.56,100.00,25.56,0.37,25.56,1.00,25.56,7.80,,,,,,
25.69,14.78,25.69,19.45,25.69,19.40,25.69,100.00,25.69,0.36,25.69,1.00,25.69,7.70,,,,,,
25.82,14.70,25.82,19.45,25.82,19.40,25.82,100.00,25.82,0.37,25.82,1.00,25.82,7.70,,,,,,
25.95,14.81,25.95,19.44,25.95,19.40,25.95,100.00,25.95,0.36,25.95,1.00,25.95,7.70,,,,,,
26.08,14.76,26.08,19.44,26.08,19.40,26.08,100.00,26.08,0.36,26.08,1.00,26.08,7.70,,,,,,
26.21,14.74,26.21,19.43,26.21,19.40,26.21,100.00,26.21,0.36,26.21,1.00,26.21,7.70,,,,,,
26.34,14.83,26.34,19.42,26.34,19.40,26.34,100.00,26.34,0.37,26.34,1.00,26.34,7.70,,,,,,
26.47,14.78,26.47,19.42,26.47,19.40,26.47,100.00,26.47,0.36,26.47,1.00,26.47,7.70,,,,,,
26.60,14.83,26.60,19.42,26.60,19.40,26.60,100.00,26.60,0.36,26.60,1.00,26.60,7.70,,,,,,
26.73,14.95,26.73,19.42,26.73,19.40,26.73,100.00,26.73,0.37,26.73,1.00,26.73,7.70,,,,,,
26.86,14.91,26.86,19.41,26.86,19.40,26.86,100.00,26.86,0.36,26.86,1.00,26.86,7.70,,,,,,
26.99,14.92,26.99,19.40,26.99,19.40,26.99,100.00,26.99,0.36,26.99,1.00,26.99,7.70,,,,,,
27.12,15.01,27.12,19.40,27.12,19.40,27.12,100.00,27.12,0.36,27.12,1.00,27.12,7.70,,,,,,
27.25,14.94,27.25,19.40,27.25,19.40,27.25,100.00,27.25,0.36,27.25,1.00,27.25,7.70,,,,,,
27.38,15.05,27.38,19.40,27.38,19.40,27.38,100.00,27.38,0.37,27.38,1.00,27.38,7.70,,,,,,
27.51,14.96,27.51,19.40,27.51,19.40,27.51,100.00,27.51,0.36,27.51,1.00,27.51,7.70,,,,,,
27.64,14.93,27.64,19.42,27.64,19.40,27.64,100.00,27.64,0.36,27.64,1.00,27.64,7.70,,,,,,
27.77,14.95,27.77,19.42,27.77,19.40,27.77,100.00,27.77,0.36,27.77,1.00,27.77,7.60,,,,,,
27.90,15.11,27.90,19.41,27.90,19.40,27.90,100.00,27.90,0.37,27.90,1.00,27.90,7.60,,,,,,
28.03,14.98,28.03,19.40,28.03,19.40,28.03,100.00,28.03,0.36,28.03,1.00,28.03,7.60,,,,,,
28.16,15.15,28.16,19.40,28.16,19.40,28.16,100.00,28.16,0.36,28.16,1.00,28.16,7.60,,,,,,
28.29,15.05,28.29,19.41,28.29,19.40,28.29,100.00,28.29,0.36,28.29,1.00,28.29,7.60,,,,,,
28.42,15.16,28.42,19.41,28.42,19.40,28.42,100.00,28.42,0.36,28.42,1.00,28.42,7.60,,,,,,
28.55,15.19,28.55,19.41,28.55,19.40,28.55,100.00,28.55,0.36,28.55,1.00,28.55,7.60,,,,,,
28.68,15.18,28.68,19.41,28.68,19.40,28.68,100.00,28.68,0.37,28.68,1.00,28.68,7.60,,,,,,
28.81,15.17,28.81,19.40,28.81,19.40,28.81,100.00,28.81,0.37,28.81,1.00,28.81,7.60,,,,,,
28.94,15.17,28.94,19.39,28.93,19.40,28.93,100.00,28.93,0.36,28.94,1.00,28.94,7.60,,,,,,
29.07,15.38,29.07,19.42,29.06,19.40,29.06,100.00,29.06,0.34,29.07,1.00,29.07,7.60,,,,,,
29.20,15.30,29.20,19.40,29.19,19.40,29.19,100.00,29.19,0.36,29.20,1.00,29.20,7.60,,,,,,
29.33,15.29,29.32,19.39,29.32,19.40,29.32,100.00,29.32,0.37,29.32,1.00,29.32,7.60,,,,,,
29.46,15.37,29.45,19.39,29.45,19.40,29.45,100.00,29.45,0.37,29.45,1.00,29.45,7.60,,,,,,
29.59,15.32,29.58,19.41,29.58,19.40,29.58,100.00,29.58,0.36,29.58,1.00,29.58,7.60,,,,,,
29.71,15.41,29.71,19.41,29.71,19.40,29.71,100.00,29.71,0.36,29.71,1.00,29.71,7.60,,,,,,
29.84,15.34,29.84,19.41,29.84,19.40,29.84,100.00,29.84,0.36,29.84,1.00,29.84,7.60,,,,,,
29.97,15.42,29.97,19.41,29.97,19.40,29.97,100.00,29.97,0.36,29.97,1.00,29.97,7.60,,,,,,
30.10,15.40,30.10,19.40,30.10,19.40,30.10,100.00,30.10,0.37,30.10,1.00,30.10,7.50,,,,,,
30.23,15.43,30.23,19.40,30.23,19.40,30.23,100.00,30.23,0.36,30.23,1.00,30.23,7.50,,,,,,
30.36,15.57,30.36,19.41,30.36,19.40,30.36,100.00,30.36,0.36,30.36,1.00,30.36,7.50,,,,,,
30.49,15.53,30.49,19.41,30.49,19.40,30.49,100.00,30.49,0.36,30.49,1.00,30.49,7.50,,,,,,
30.62,15.60,30.62,19.41,30.62,19.40,30.62,100.00,30.62,0.36,30.62,1.00,30.62,7.50,,,,,,
30.75,15.59,30.75,19.42,30.75,19.40,30.75,100.00,30.75,0.36,30.75,1.00,30.75,7.50,,,,,,
30.88,15.60,30.88,19.42,30.88,19.40,30.88,100.00,30.88,0.37,30.88,1.00,30.88,7.50,,,,,,
31.01,15.55,31.01,19.42,31.01,19.40,31.01,100.00,31.01,0.37,31.01,1.00,31.01,7.50,,,,,,
31.14,15.57,31.14,19.42,31.14,19.40,31.14,100.00,31.14,0.37,31.14,1.00,31.14,7.50,,,,,,
31.27,15.61,31.27,19.42,31.27,19.40,31.27,100.00,31.27,0.37,31.27,1.00,31.27,7.50,,,,,,
31.40,15.76,31.40,19.43,31.40,19.40,31.40,100.00,31.40,0.36,31.40,1.00,31.40,7.50,,,,,,
31.53,15.70,31.53,19.43,31.53,19.40,31.53,100.00,31.53,0.37,31.53,1.00,31.53,7.50,,,,,,
31.66,15.81,31.66,19.44,31.66,19.40,31.66,100.00,31.66,0.36,31.66,1.00,31.66,7.40,,,,,,
31.79,15.88,31.79,19.44,31.79,19.40,31.79,100.00,31.79,0.36,31.79,1.00,31.79,7.40,,,,,,
31.92,15.73,31.92,19.43,31.92,19.40,31.92,100.00,31.92,0.36,31.92,1.00,31.92,7.40,,,,,,
32.05,15.82,32.05,19.43,32.05,19.40,32.05,100.00,32.05,0.36,32.05,1.00,32.05,7.40,,,,,,
32.18,15.81,32.18,19.43,32.18,19.40,32.18,100.00,32.18,0.36,32.18,1.00,32.18,7.40,,,,,,
32.31,15.81,32.31,19.43,32.31,19.40,32.31,100.00,32.31,0.37,32.31,1.00,32.31,7.40,,,,,,
32.44,15.86,32.44,19.42,32.44,19.40,32.44,100.00,32.44,0.36,32.44,1.00,32.44,7.40,,,,,,
32.57,15.78,32.57,19.43,32.57,19.40,32.57,100.00,32.57,0.36,32.57,1.00,32.57,7.40,,,,,,
32.70,15.88,32.70,19.43,32.70,19.40,32.70,100.00,32.70,0.36,32.70,1.00,32.70,7.40,,,,,,
32.83,15.97,32.83,19.43,32.83,19.40,32.83,100.00,32.83,0.36,32.83,1.00,32.83,7.40,,,,,,
32.96,15.87,32.96,19.43,32.96,19.40,32.96,100.00,32.96,0.36,32.96,1.00,32.96,7.40,,,,,,
33.09,15.98,33.09,19.42,33.09,19.40,33.09,100.00,33.09,0.36,33.09,1.00,33.09,7.40,,,,,,
33.22,15.90,33.22,19.42,33.22,19.40,33.22,100.00,33.22,0.37,33.22,1.00,33.22,7.40,,,,,,
33.35,15.99,33.35,19.42,33.35,19.40,33.35,100.00,33.35,0.36,33.35,1.00,33.35,7.40,,,,,,
33.48,16.01,33.48,19.43,33.48,19.40,33.48,100.00,33.48,0.36,33.48,1.00,33.48,7.30,,,,,,
33.61,16.02,33.61,19.43,33.61,19.40,33.61,100.00,33.61,0.36,33.61,1.00,33.61,7.30,,,,,,
33.74,16.05,33.74,19.43,33.74,19.40,33.74,100.00,33.74,0.36,33.74,1.00,33.74,7.30,,,,,,
33.87,16.05,33.87,19.42,33.87,19.40,33.87,100.00,33.87,0.36,33.87,1.00,33.87,7.30,,,,,,
34.00,16.04,34.00,19.42,34.00,19.40,34.00,100.00,34.00,0.36,34.00,1.00,34.00,7.30,,,,,,
34.13,16.12,34.13,19.42,34.13,19.40,34.13,100.00,34.13,0.37,34.13,1.00,34.13,7.30,,,,,,
34.26,15.91,34.26,19.41,34.25,19.40,34.25,100.00,34.25,0.36,34.26,1.00,34.26,7.30,,,,,,
34.39,16.09,34.39,19.41,34.38,19.40,34.38,100.00,34.38,0.37,34.39,1.00,34.39,7.30,,,,,,
34.52,16.12,34.52,19.41,34.51,19.40,34.51,100.00,34.51,0.36,34.52,1.00,34.52,7.30,,,,,,
34.65,16.10,34.64,19.41,34.64,19.40,34.64,100.00,34.64,0.37,34.64,1.00,34.64,7.30,,,,,,
34.78,16.13,34.77,19.41,34.77,19.40,34.77,100.00,34.77,0.36,34.77,1.00,34.77,7.30,,,,,,
34.91,16.14,34.90,19.40,34.90,19.40,34.90,100.00,34.90,0.36,34.90,1.00,34.90,7.30,,,,,,
35.04,16.18,35.03,19.42,35.03,19.40,35.03,100.00,35.03,0.36,35.03,1.00,35.03,7.20,,,,,,
35.16,16.17,35.16,19.44,35.16,19.40,35.16,100.00,35.16,0.37,35.16,1.00,35.16,7.20,,,,,,
35.29,16.34,35.29,19.45,35.29,19.50,35.29,100.00,35.29,0.36,35.29,1.00,35.29,7.20,,,,,,
35.42,16.24,35.42,19.47,35.42,19.50,35.42,100.00,35.42,0.36,35.42,1.00,35.42,7.20,,,,,,
35.55,16.33,35.55,19.46,35.55,19.50,35.55,100.00,35.55,0.37,35.55,1.00,35.55,7.20,,,,,,
35.68,16.17,35.68,19.46,35.68,19.50,35.68,100.00,35.68,0.37,35.68,1.00,35.68,7.20,,,,,,
35.81,16.29,35.81,19.46,35.81,19.50,35.81,100.00,35.81,0.37,35.81,1.00,35.81,7.20,,,,,,
35.94,16.35,35.94,19.45,35.94,19.40,35.94,100.00,35.94,0.36,35.94,1.00,35.94,7.20,,,,,,
36.07,16.34,36.07,19.44,36.07,19.40,36.07,100.00,36.07,0.36,36.07,1.00,36.07,7.20,,,,,,
36.20,16.28,36.20,19.44,36.20,19.40,36.20,100.00,36.20,0.37,36.20,1.00,36.20,7.20,,,,,,
36.33,16.35,36.33,19.44,36.33,19.40,36.33,100.00,36.33,0.38,36.33,1.00,36.33,7.20,,,,,,
36.46,16.32,36.46,19.43,36.46,19.40,36.46,100.00,36.46,0.36,36.46,1.00,36.46,7.20,,,,,,
36.59,16.30,36.59,19.42,36.59,19.40,36.59,100.00,36.59,0.36,36.59,1.00,36.59,7.20,,,,,,
36.72,16.32,36.72,19.43,36.72,19.40,36.72,100.00,36.72,0.36,36.72,1.00,36.72,7.20,,,,,,
36.85,16.32,36.85,19.42,36.85,19.40,36.85,100.00,36.85,0.36,36.85,1.00,36.85,7.20,,,,,,
36.98,16.37,36.98,19.43,36.98,19.40,36.98,100.00,36.98,0.36,36.98,1.00,36.98,7.20,,,,,,
37.11,16.32,37.11,19.42,37.11,19.40,37.11,100.00,37.11,0.37,37.11,1.00,37.11,7.20,,,,,,
37.24,16.29,37.24,19.41,37.24,19.40,37.24,100.00,37.24,0.36,37.24,1.00,37.24,7.20,,,,,,
37.37,16.28,37.37,19.41,37.37,19.40,37.37,100.00,37.37,0.37,37.37,1.00,37.37,7.10,,,,,,
37.50,16.38,37.50,19.42,37.50,19.40,37.50,100.00,37.50,0.38,37.50,1.00,37.50,7.10,,,,,,
37.63,16.33,37.63,19.42,37.63,19.40,37.63,100.00,37.63,0.38,37.63,1.00,37.63,7.10,,,,,,
37.76,16.37,37.76,19.44,37.76,19.40,37.76,100.00,37.76,0.38,37.76,1.00,37.76,7.10,,,,,,
37.89,16.36,37.89,19.44,37.89,19.40,37.89,100.00,37.89,0.38,37.89,1.00,37.89,7.10,,,,,,
38.02,16.44,38.02,19.43,38.02,19.40,38.02,100.00,38.02,0.38,38.02,1.00,38.02,7.10,,,,,,
38.15,16.39,38.15,19.44,38.15,19.40,38.15,100.00,38.15,0.38,38.15,1.00,38.15,7.10,,,,,,
38.28,16.26,38.28,19.43,38.28,19.40,38.28,100.00,38.28,0.36,38.28,1.00,38.28,7.10,,,,,,
38.41,16.28,38.41,19.41,38.41,19.40,38.41,100.00,38.41,0.21,38.41,1.00,38.41,7.10,,,,,,
38.54,16.27,38.54,19.43,38.54,19.40,38.54,100.00,38.54,0.37,38.54,1.00,38.54,7.10,,,,,,
38.67,16.33,38.67,19.41,38.67,19.40,38.67,100.00,38.67,0.38,38.67,1.00,38.67,7.10,,,,,,
38.80,16.26,38.80,19.39,38.80,19.40,38.80,100.00,38.80,0.38,38.80,1.00,38.80,7.10,,,,,,
38.93,16.33,38.93,19.38,38.93,19.40,38.93,100.00,38.93,0.38,38.93,1.00,38.93,7.10,,,,,,
39.06,16.31,39.06,19.37,39.06,19.40,39.06,100.00,39.06,0.38,39.06,1.00,39.06,7.10,,,,,,
39.19,16.30,39.19,19.36,39.19,19.40,39.19,100.00,39.19,0.38,39.19,1.00,39.19,7.10,,,,,,
39.32,16.32,39.32,19.36,39.32,19.40,39.32,100.00,39.32,0.38,39.32,1.00,39.32,7.10,,,,,,
39.45,16.27,39.45,19.33,39.44,19.30,39.44,100.00,39.44,0.38,39.45,1.00,39.45,7.10,,,,,,
39.58,16.26,39.58,19.32,39.57,19.30,39.57,100.00,39.57,0.38,39.58,1.00,39.58,7.10,,,,,,
39.71,16.34,39.71,19.32,39.70,19.30,39.70,100.00,39.70,0.38,39.71,1.00,39.71,7.10,,,,,,
39.84,16.34,39.84,19.32,39.83,19.30,39.83,100.00,39.83,0.38,39.84,1.00,39.84,7.10,,,,,,
39.97,16.44,39.96,19.30,39.96,19.30,39.96,100.00,39.96,0.38,39.96,1.00,39.96,7.10,,,,,,
40.10,16.56,40.09,19.29,40.09,19.30,40.09,100.00,40.09,0.38,40.09,1.00,40.09,7.00,,,,,,
40.23,16.67,40.22,19.29,40.22,19.30,40.22,100.00,40.22,0.38,40.22,1.00,40.22,7.00,,,,,,
40.36,16.58,40.35,19.29,40.35,19.30,40.35,100.00,40.35,0.38,40.35,1.00,40.35,7.00,,,,,,
40.48,16.76,40.48,19.29,40.48,19.30,40.48,100.00,40.48,0.38,40.48,1.00,40.48,7.00,,,,,,
40.61,16.93,40.61,19.28,40.61,19.30,40.61,100.00,40.61,0.38,40.61,1.00,40.61,7.00,,,,,,
40.74,16.96,40.74,19.28,40.74,19.30,40.74,100.00,40.74,0.38,40.74,1.00,40.74,7.00,,,,,,
40.87,17.00,40.87,19.27,40.87,19.30,40.87,100.00,40.87,0.38,40.87,1.00,40.87,7.00,,,,,,
41.00,17.16,41.00,19.28,41.00,19.30,41.00,100.00,41.00,0.38,41.00,1.00,41.00,7.00,,,,,,
41.13,17.25,41.13,19.27,41.13,19.30,41.13,100.00,41.13,0.38,41.13,1.00,41.13,7.00,,,,,,
41.26,17.45,41.26,19.26,41.26,19.30,41.26,100.00,41.26,0.38,41.26,1.00,41.26,7.00,,,,,,
41.39,17.61,41.39,19.28,41.39,19.30,41.39,100.00,41.39,0.38,41.39,1.00,41.39,7.00,,,,,,
41.52,17.79,41.52,19.27,41.52,19.30,41.52,100.00,41.52,0.38,41.52,1.00,41.52,6.90,,,,,,
41.65,18.09,41.65,19.25,41.65,19.30,41.65,100.00,41.65,0.39,41.65,1.00,41.65,6.90,,,,,,
41.78,18.39,41.78,19.24,41.78,19.20,41.78,100.00,41.78,0.38,41.78,1.00,41.78,6.90,,,,,,
41.91,19.15,41.91,19.24,41.91,19.20,41.91,100.00,41.91,0.38,41.91,1.00,41.91,6.90,,,,,,
42.04,19.91,42.04,19.24,42.04,19.20,42.04,100.00,42.04,0.38,42.04,1.00,42.04,6.90,,,,,,
42.17,21.13,42.17,19.23,42.17,19.20,42.17,100.00,42.17,0.38,42.17,1.00,42.17,6.90,,,,,,
42.30,22.64,42.30,19.23,42.30,19.20,42.30,100.00,42.30,0.38,42.30,1.00,42.30,6.90,,,,,,
42.43,24.65,42.43,19.23,42.43,19.20,42.43,100.00,42.43,0.38,42.43,1.00,42.43,6.90,,,,,,
42.56,27.75,42.56,19.22,42.56,19.20,42.56,100.00,42.56,0.38,42.56,1.00,42.56,6.90,,,,,,
42.69,32.25,42.69,19.22,42.69,19.20,42.69,100.00,42.69,0.38,42.69,1.00,42.69,6.90,,,,,,
42.82,38.88,42.82,19.23,42.82,19.20,42.82,100.00,42.82,0.38,42.82,1.00,42.82,6.80,,,,,,
42.95,48.31,42.95,19.23,42.95,19.20,42.95,100.00,42.95,0.38,42.95,1.00,42.95,6.80,,,,,,
43.08,61.70,43.08,19.23,43.08,19.20,43.08,100.00,43.08,0.38,43.08,1.00,43.08,6.80,,,,,,
43.21,80.65,43.21,19.22,43.21,19.20,43.21,100.00,43.21,0.38,43.21,1.00,43.21,6.80,,,,,,
43.34,105.35,43.34,19.21,43.34,19.20,43.34,100.00,43.34,0.38,43.34,1.00,43.34,6.80,,,,,,
43.47,134.98,43.47,19.22,43.47,19.20,43.47,100.00,43.47,0.38,43.47,1.00,43.47,6.80,,,,,,
43.60,171.01,43.60,19.20,43.60,19.20,43.60,100.00,43.60,0.38,43.60,1.00,43.60,6.80,,,,,,
43.73,216.02,43.73,19.20,43.73,19.20,43.73,100.00,43.73,0.38,43.73,1.00,43.73,6.80,,,,,,
43.86,267.40,43.86,19.18,43.86,19.20,43.86,100.00,43.86,0.38,43.86,1.00,43.86,6.80,,,,,,
43.99,321.69,43.99,19.17,43.99,19.20,43.99,100.00,43.99,0.38,43.99,1.00,43.99,6.80,,,,,,
44.12,381.05,44.12,19.16,44.12,19.20,44.12,100.00,44.12,0.38,44.12,1.00,44.12,6.70,,,,,,
44.25,444.18,44.25,19.17,44.25,19.20,44.25,100.00,44.25,0.38,44.25,1.00,44.25,6.70,,,,,,
44.38,508.06,44.38,19.16,44.38,19.20,44.38,100.00,44.38,0.38,44.38,1.00,44.38,6.70,,,,,,
44.51,567.63,44.51,19.15,44.51,19.20,44.51,100.00,44.51,0.38,44.51,1.00,44.51,6.70,,,,,,
44.64,625.25,44.64,19.15,44.64,19.20,44.64,100.00,44.64,0.38,44.64,1.00,44.64,6.70,,,,,,
44.77,681.22,44.77,19.14,44.76,19.10,44.76,100.00,44.76,0.38,44.77,1.00,44.77,6.70,,,,,,
44.90,731.44,44.90,19.15,44.89,19.10,44.89,100.00,44.89,0.38,44.90,1.00,44.90,6.70,,,,,,
45.03,772.93,45.03,19.14,45.02,19.10,45.02,100.00,45.02,0.38,45.03,1.00,45.03,6.70,,,,,,
45.16,809.24,45.16,19.12,45.15,19.10,45.15,100.00,45.15,0.38,45.16,1.00,45.16,6.70,,,,,,
45.29,837.50,45.28,19.12,45.28,19.10,45.28,100.00,45.28,0.38,45.28,1.00,45.28,6.60,,,,,,
45.42,859.79,45.41,19.11,45.41,19.10,45.41,100.00,45.41,0.38,45.41,1.00,45.41,6.60,,,,,,
45.55,874.33,45.54,19.10,45.54,19.10,45.54,100.00,45.54,0.38,45.54,1.00,45.54,6.60,,,,,,
45.68,883.51,45.67,19.12,45.67,19.10,45.67,100.00,45.67,0.38,45.67,1.00,45.67,6.60,,,,,,
45.81,885.46,45.80,19.15,45.80,19.10,45.80,100.00,45.80,0.38,45.80,1.00,45.80,6.60,,,,,,
45.93,881.98,45.93,19.13,45.93,19.10,45.93,100.00,45.93,0.38,45.93,1.00,45.93,6.60,,,,,,
46.06,872.91,46.06,19.13,46.06,19.10,46.06,100.00,46.06,0.38,46.06,1.00,46.06,6.60,,,,,,
46.19,857.29,46.19,19.13,46.19,19.10,46.19,100.00,46.19,0.38,46.19,1.00,46.19,6.60,,,,,,
46.32,836.62,46.32,19.13,46.32,19.10,46.32,100.00,46.32,0.38,46.32,1.00,46.32,6.60,,,,,,
46.45,811.13,46.45,19.14,46.45,19.10,46.45,100.00,46.45,0.38,46.45,1.00,46.45,6.50,,,,,,
46.58,780.00,46.58,19.14,46.58,19.10,46.58,100.00,46.58,0.38,46.58,1.00,46.58,6.50,,,,,,
46.71,745.01,46.71,19.13,46.71,19.10,46.71,100.00,46.71,0.38,46.71,1.00,46.71,6.50,,,,,,
46.84,706.06,46.84,19.14,46.84,19.10,46.84,100.00,46.84,0.38,46.84,1.00,46.84,6.50,,,,,,
46.97,662.73,46.97,19.16,46.97,19.20,46.97,100.00,46.97,0.38,46.97,1.00,46.97,6.50,,,,,,
47.10,618.41,47.10,19.15,47.10,19.10,47.10,100.00,47.10,0.38,47.10,1.00,47.10,6.50,,,,,,
47.23,575.02,47.23,19.15,47.23,19.20,47.23,100.00,47.23,0.38,47.23,1.00,47.23,6.50,,,,,,
47.36,530.28,47.36,19.17,47.36,19.20,47.36,100.00,47.36,0.38,47.36,1.00,47.36,6.50,,,,,,
47.49,485.67,47.49,19.19,47.49,19.20,47.49,100.00,47.49,0.38,47.49,1.00,47.49,6.50,,,,,,
47.62,445.13,47.62,19.21,47.62,19.20,47.62,100.00,47.62,0.38,47.62,1.00,47.62,6.50,,,,,,
47.75,407.55,47.75,19.21,47.75,19.20,47.75,100.00,47.75,0.38,47.75,1.00,47.75,6.50,,,,,,
47.88,383.21,47.88,19.27,47.88,19.30,47.88,100.00,47.88,0.38,47.88,1.00,47.88,6.50,,,,,,
48.01,344.77,48.01,19.25,48.01,19.20,48.01,100.00,48.01,0.38,48.01,1.00,48.01,6.50,,,,,,
48.14,318.42,48.14,19.26,48.14,19.30,48.14,100.00,48.14,0.38,48.14,1.00,48.14,6.50,,,,,,
48.27,290.94,48.27,19.28,48.27,19.30,48.27,100.00,48.27,0.38,48.27,1.00,48.27,6.50,,,,,,
48.40,267.00,48.40,19.30,48.40,19.30,48.40,100.00,48.40,0.38,48.40,1.00,48.40,6.50,,,,,,
48.53,244.82,48.53,19.30,48.53,19.30,48.53,100.00,48.53,0.38,48.53,1.00,48.53,6.50,,,,,,
48.66,226.13,48.66,19.31,48.66,19.30,48.66,100.00,48.66,0.38,48.66,1.00,48.66,6.50,,,,,,
48.79,209.75,48.79,19.32,48.79,19.30,48.79,100.00,48.79,0.38,48.79,1.00,48.79,6.50,,,,,,
48.92,195.43,48.92,19.33,48.92,19.30,48.92,100.00,48.92,0.38,48.92,1.00,48.92,6.50,,,,,,
49.05,182.71,49.05,19.34,49.05,19.30,49.05,100.00,49.05,0.38,49.05,1.00,49.05,6.50,,,,,,
49.18,171.30,49.18,19.35,49.18,19.40,49.18,100.00,49.18,0.38,49.18,1.00,49.18,6.50,,,,,,
49.31,161.72,49.31,19.37,49.31,19.40,49.31,100.00,49.31,0.38,49.31,1.00,49.31,6.50,,,,,,
49.44,153.42,49.44,19.37,49.44,19.40,49.44,100.00,49.44,0.38,49.44,1.00,49.44,6.50,,,,,,
49.57,145.50,49.57,19.39,49.57,19.40,49.57,100.00,49.57,0.38,49.57,1.00,49.57,6.50,,,,,,
49.70,138.78,49.70,19.40,49.70,19.40,49.70,100.00,49.70,0.38,49.70,1.00,49.70,6.50,,,,,,
49.83,132.95,49.83,19.42,49.83,19.40,49.83,100.00,49.83,0.38,49.83,1.00,49.83,6.50,,,,,,
49.96,127.62,49.96,19.43,49.96,19.40,49.96,100.00,49.96,0.38,49.96,1.00,49.96,6.50,,,,,,
50.09,122.84,50.09,19.44,50.08,19.40,50.08,100.00,50.08,0.38,50.09,1.00,50.09,6.50,,,,,,
50.22,118.51,50.22,19.45,50.21,19.40,50.21,100.00,50.21,0.38,50.22,1.00,50.22,6.60,,,,,,
50.35,114.75,50.35,19.46,50.34,19.50,50.34,100.00,50.34,0.38,50.35,1.00,50.35,6.60,,,,,,
50.48,110.93,50.48,19.48,50.47,19.50,50.47,100.00,50.47,0.38,50.48,1.00,50.48,6.60,,,,,,
50.61,107.78,50.61,19.48,50.60,19.50,50.60,100.00,50.60,0.38,50.61,1.00,50.60,6.60,,,,,,
50.74,104.48,50.73,19.49,50.73,19.50,50.73,100.00,50.73,0.38,50.73,1.00,50.73,6.60,,,,,,
50.87,101.89,50.86,19.50,50.86,19.50,50.86,100.00,50.86,0.38,50.86,1.00,50.86,6.60,,,,,,
51.00,99.14,50.99,19.50,50.99,19.50,50.99,100.00,50.99,0.38,50.99,1.00,50.99,6.70,,,,,,
51.13,96.79,51.12,19.50,51.12,19.50,51.12,100.00,51.12,0.38,51.12,1.00,51.12,6.70,,,,,,
51.26,94.58,51.25,19.50,51.25,19.50,51.25,100.00,51.25,0.38,51.25,1.00,51.25,6.70,,,,,,
51.38,92.36,51.38,19.49,51.38,19.50,51.38,100.00,51.38,0.37,51.38,1.00,51.38,6.70,,,,,,
51.51,90.43,51.51,19.50,51.51,19.50,51.51,100.00,51.51,0.37,51.51,1.00,51.51,6.70,,,,,,
51.64,88.65,51.64,19.50,51.64,19.50,51.64,100.00,51.64,0.38,51.64,1.00,51.64,6.70,,,,,,
51.77,86.93,51.77,19.50,51.77,19.50,51.77,100.00,51.77,0.38,51.77,1.00,51.77,6.80,,,,,,
51.90,85.41,51.90,19.50,51.90,19.50,51.90,100.00,51.90,0.37,51.90,1.00,51.90,6.80,,,,,,
52.03,83.94,52.03,19.49,52.03,19.50,52.03,100.00,52.03,0.37,52.03,1.00,52.03,6.80,,,,,,
52.16,82.51,52.16,19.49,52.16,19.50,52.16,100.00,52.16,0.38,52.16,1.00,52.16,6.80,,,,,,
52.29,81.25,52.29,19.49,52.29,19.50,52.29,100.00,52.29,0.38,52.29,1.00,52.29,6.80,,,,,,
52.42,79.98,52.42,19.49,52.42,19.50,52.42,100.00,52.42,0.38,52.42,1.00,52.42,6.80,,,,,,
52.55,78.96,52.55,19.49,52.55,19.50,52.55,100.00,52.55,0.38,52.55,1.00,52.55,6.80,,,,,,
52.68,78.11,52.68,19.49,52.68,19.50,52.68,100.00,52.68,0.38,52.68,1.00,52.68,6.90,,,,,,
52.81,77.21,52.81,19.49,52.81,19.50,52.81,100.00,52.81,0.38,52.81,1.00,52.81,6.90,,,,,,
52.94,76.51,52.94,19.49,52.94,19.50,52.94,100.00,52.94,0.38,52.94,1.00,52.94,6.90,,,,,,
53.07,75.76,53.07,19.49,53.07,19.50,53.07,100.00,53.07,0.38,53.07,1.00,53.07,6.90,,,,,,
53.20,75.15,53.20,19.49,53.20,19.50,53.20,100.00,53.20,0.38,53.20,1.00,53.20,6.90,,,,,,
53.33,74.79,53.33,19.49,53.33,19.50,53.33,100.00,53.33,0.38,53.33,1.00,53.33,6.90,,,,,,
53.46,74.54,53.46,20.12,53.46,20.10,53.46,100.00,53.46,0.36,53.46,1.00,53.46,8.30,,,,,,
53.59,74.05,53.59,19.85,53.59,19.80,53.59,100.00,53.59,0.36,53.59,1.00,53.59,8.40,,,,,,
53.72,75.22,53.72,19.75,53.72,19.70,53.72,100.00,53.72,0.36,53.72,1.00,53.72,8.40,,,,,,
53.85,74.97,53.85,19.93,53.85,19.90,53.85,100.00,53.85,0.36,53.85,1.00,53.85,8.40,,,,,,
53.98,74.14,53.98,19.73,53.98,19.70,53.98,100.00,53.98,0.36,53.98,1.00,53.98,8.40,,,,,,
54.11,74.12,54.11,19.68,54.11,19.70,54.11,100.00,54.11,0.36,54.11,1.00,54.11,8.40,,,,,,
54.24,73.92,54.24,19.66,54.24,19.70,54.24,100.00,54.24,0.36,54.24,1.00,54.24,8.40,,,,,,
54.37,73.86,54.37,19.64,54.37,19.60,54.37,100.00,54.37,0.36,54.37,1.00,54.37,8.40,,,,,,
54.50,73.47,54.50,19.63,54.50,19.60,54.50,100.00,54.50,0.36,54.50,1.00,54.50,8.40,,,,,,
54.63,73.46,54.63,19.63,54.63,19.60,54.63,100.00,54.63,0.36,54.63,1.00,54.63,8.40,,,,,,
54.76,73.17,54.76,19.62,54.76,19.60,54.76,100.00,54.76,0.36,54.76,1.00,54.76,8.30,,,,,,
54.89,73.15,54.89,19.64,54.89,19.60,54.89,100.00,54.89,0.36,54.89,1.00,54.89,8.30,,,,,,
55.02,73.09,55.02,19.65,55.02,19.70,55.02,100.00,55.02,0.36,55.02,1.00,55.02,8.30,,,,,,
55.15,72.97,55.15,19.66,55.15,19.70,55.15,100.00,55.15,0.36,55.15,1.00,55.15,8.30,,,,,,
55.28,72.82,55.28,19.66,55.27,19.70,55.27,100.00,55.27,0.36,55.28,1.00,55.28,8.30,,,,,,
55.41,72.58,55.41,19.66,55.40,19.70,55.40,100.00,55.40,0.36,55.41,1.00,55.41,8.30,,,,,,
55.54,72.37,55.54,19.67,55.53,19.70,55.53,100.00,55.53,0.36,55.54,1.00,55.54,8.30,,,,,,
55.67,72.07,55.67,19.68,55.66,19.70,55.66,100.00,55.66,0.36,55.67,1.00,55.67,8.30,,,,,,
55.80,71.64,55.80,19.69,55.79,19.70,55.79,100.00,55.79,0.36,55.80,1.00,55.80,8.30,,,,,,
55.93,71.16,55.93,19.69,55.92,19.70,55.92,100.00,55.92,0.36,55.93,1.00,55.92,8.30,,,,,,
56.06,70.71,56.05,19.68,56.05,19.70,56.05,100.00,56.05,0.36,56.05,1.00,56.05,8.30,,,,,,
56.19,70.17,56.18,19.67,56.18,19.70,56.18,100.00,56.18,0.36,56.18,1.00,56.18,8.30,,,,,,
56.32,69.43,56.31,19.66,56.31,19.70,56.31,100.00,56.31,0.37,56.31,1.00,56.31,8.30,,,,,,
56.45,68.91,56.44,19.66,56.44,19.70,56.44,100.00,56.44,0.36,56.44,1.00,56.44,8.30,,,,,,
56.58,68.18,56.57,19.66,56.57,19.70,56.57,100.00,56.57,0.37,56.57,1.00,56.57,8.30,,,,,,
56.70,67.43,56.70,19.65,56.70,19.60,56.70,100.00,56.70,0.37,56.70,1.00,56.70,8.30,,,,,,
56.83,66.56,56.83,19.63,56.83,19.60,56.83,100.00,56.83,0.36,56.83,1.00,56.83,8.30,,,,,,
56.96,65.70,56.96,19.63,56.96,19.60,56.96,100.00,56.96,0.38,56.96,1.00,56.96,8.30,,,,,,
57.09,64.78,57.09,19.62,57.09,19.60,57.09,100.00,57.09,0.38,57.09,1.00,57.09,8.20,,,,,,
57.22,64.02,57.22,19.61,57.22,19.60,57.22,100.00,57.22,0.30,57.22,1.00,57.22,8.20,,,,,,
57.35,62.94,57.35,19.62,57.35,19.60,57.35,100.00,57.35,0.36,57.35,1.00,57.35,8.20,,,,,,
57.48,62.15,57.48,19.60,57.48,19.60,57.48,100.00,57.48,0.36,57.48,1.00,57.48,8.20,,,,,,
57.61,61.15,57.61,19.58,57.61,19.60,57.61,100.00,57.61,0.37,57.61,1.00,57.61,8.20,,,,,,
57.74,60.22,57.74,19.58,57.74,19.60,57.74,100.00,57.74,0.36,57.74,1.00,57.74,8.20,,,,,,
57.87,59.18,57.87,19.57,57.87,19.60,57.87,100.00,57.87,0.36,57.87,1.00,57.87,8.20,,,,,,
58.00,58.15,58.00,19.56,58.00,19.60,58.00,100.00,58.00,0.36,58.00,1.00,58.00,8.20,,,,,,
58.13,57.10,58.13,19.55,58.13,19.60,58.13,100.00,58.13,0.36,58.13,1.00,58.13,8.20,,,,,,
58.26,56.10,58.26,19.55,58.26,19.60,58.26,100.00,58.26,0.36,58.26,1.00,58.26,8.20,,,,,,
58.39,55.00,58.39,19.54,58.39,19.50,58.39,100.00,58.39,0.36,58.39,1.00,58.39,8.20,,,,,,
58.52,53.95,58.52,19.53,58.52,19.50,58.52,100.00,58.52,0.37,58.52,1.00,58.52,8.20,,,,,,
58.65,52.96,58.65,19.53,58.65,19.50,58.65,100.00,58.65,0.36,58.65,1.00,58.65,8.10,,,,,,
58.78,52.10,58.78,19.51,58.78,19.50,58.78,100.00,58.78,0.37,58.78,1.00,58.78,8.10,,,,,,
58.91,51.01,58.91,19.50,58.91,19.50,58.91,100.00,58.91,0.37,58.91,1.00,58.91,8.10,,,,,,
59.04,50.05,59.04,19.51,59.04,19.50,59.04,100.00,59.04,0.36,59.04,1.00,59.04,8.10,,,,,,
59.17,49.20,59.17,19.49,59.17,19.50,59.17,100.00,59.17,0.36,59.17,1.00,59.17,8.10,,,,,,
59.30,48.18,59.30,19.48,59.30,19.50,59.30,100.00,59.30,0.37,59.30,1.00,59.30,8.10,,,,,,
59.43,47.41,59.43,19.48,59.43,19.50,59.43,100.00,59.43,0.37,59.43,1.00,59.43,8.10,,,,,,
59.56,46.51,59.56,19.49,59.56,19.50,59.56,100.00,59.56,0.36,59.56,1.00,59.56,8.10,,,,,,
59.69,45.64,59.69,19.48,59.69,19.50,59.69,100.00,59.69,0.37,59.69,1.00,59.69,8.10,,,,,,
59.82,44.92,59.82,19.48,59.82,19.50,59.82,100.00,59.82,0.36,59.82,1.00,59.82,8.10,,,,,,
59.95,44.10,59.95,19.47,59.95,19.50,59.95,100.00,59.95,0.36,59.95,1.00,59.95,8.00,,,,,,
60.08,43.46,60.08,19.47,60.08,19.50,60.08,100.00,60.08,0.37,60.08,1.00,60.08,8.00,,,,,,
60.21,42.69,60.21,19.46,60.21,19.50,60.21,100.00,60.21,0.37,60.21,1.00,60.21,8.00,,,,,,
60.34,42.01,60.34,19.46,60.34,19.50,60.34,100.00,60.34,0.37,60.34,1.00,60.34,8.00,,,,,,
60.47,41.24,60.47,19.47,60.47,19.50,60.47,100.00,60.47,0.37,60.47,1.00,60.47,8.00,,,,,,
60.60,40.75,60.60,19.46,60.59,19.50,60.59,100.00,60.59,0.37,60.60,1.00,60.60,8.00,,,,,,
60.73,40.02,60.73,19.47,60.72,19.50,60.72,100.00,60.72,0.36,60.73,1.00,60.73,8.00,,,,,,
60.86,39.53,60.86,19.47,60.85,19.50,60.85,100.00,60.85,0.37,60.86,1.00,60.86,8.00,,,,,,
60.99,39.00,60.99,19.47,60.98,19.50,60.98,100.00,60.98,0.36,60.99,1.00,60.99,8.00,,,,,,
61.12,38.48,61.12,19.47,61.11,19.50,61.11,100.00,61.11,0.36,61.12,1.00,61.12,7.90,,,,,,
61.25,37.86,61.25,19.46,61.24,19.50,61.24,100.00,61.24,0.38,61.25,1.00,61.24,7.90,,,,,,
61.38,37.44,61.37,19.46,61.37,19.50,61.37,100.00,61.37,0.37,61.37,1.00,61.37,7.90,,,,,,
61.51,37.02,61.50,19.45,61.50,19.50,61.50,100.00,61.50,0.38,61.50,1.00,61.50,7.90,,,,,,
61.64,36.67,61.63,19.44,61.63,19.40,61.63,100.00,61.63,0.37,61.63,1.00,61.63,7.90,,,,,,
61.77,36.11,61.76,19.44,61.76,19.40,61.76,100.00,61.76,0.37,61.76,1.00,61.76,7.90,,,,,,
61.90,35.91,61.89,19.44,61.89,19.40,61.89,100.00,61.89,0.36,61.89,1.00,61.89,7.90,,,,,,
62.03,35.54,62.02,19.43,62.02,19.40,62.02,100.00,62.02,0.38,62.02,1.00,62.02,7.90,,,,,,
62.15,35.15,62.15,19.42,62.15,19.40,62.15,100.00,62.15,0.37,62.15,1.00,62.15,7.90,,,,,,
62.28,34.76,62.28,19.43,62.28,19.40,62.28,100.00,62.28,0.38,62.28,1.00,62.28,7.90,,,,,,
62.41,34.67,62.41,19.42,62.41,19.40,62.41,100.00,62.41,0.37,62.41,1.00,62.41,7.80,,,,,,
62.54,34.51,62.54,19.41,62.54,19.40,62.54,100.00,62.54,0.37,62.54,1.00,62.54,7.80,,,,,,
62.67,34.17,62.67,19.41,62.67,19.40,62.67,100.00,62.67,0.38,62.67,1.00,62.67,7.80,,,,,,
62.80,33.88,62.80,19.40,62.80,19.40,62.80,100.00,62.80,0.37,62.80,1.00,62.80,7.80,,,,,,
62.93,33.66,62.93,19.40,62.93,19.40,62.93,100.00,62.93,0.37,62.93,1.00,62.93,7.80,,,,,,
63.06,33.51,63.06,19.40,63.06,19.40,63.06,100.00,63.06,0.38,63.06,1.00,63.06,7.80,,,,,,
63.19,33.30,63.19,19.38,63.19,19.40,63.19,100.00,63.19,0.38,63.19,1.00,63.19,7.80,,,,,,
63.32,33.18,63.32,19.39,63.32,19.40,63.32,100.00,63.32,0.37,63.32,1.00,63.32,7.80,,,,,,
63.45,33.06,63.45,19.38,63.45,19.40,63.45,100.00,63.45,0.38,63.45,1.00,63.45,7.70,,,,,,
63.58,32.98,63.58,19.38,63.58,19.40,63.58,100.00,63.58,0.38,63.58,1.00,63.58,7.70,,,,,,
63.71,32.75,63.71,19.39,63.71,19.40,63.71,100.00,63.71,0.38,63.71,1.00,63.71,7.70,,,,,,
63.84,32.58,63.84,19.39,63.84,19.40,63.84,100.00,63.84,0.38,63.84,1.00,63.84,7.70,,,,,,
63.97,32.55,63.97,19.40,63.97,19.40,63.97,100.00,63.97,0.38,63.97,1.00,63.97,7.70,,,,,,
64.10,32.51,64.10,19.38,64.10,19.40,64.10,100.00,64.10,0.38,64.10,1.00,64.10,7.70,,,,,,
64.23,32.44,64.23,19.38,64.23,19.40,64.23,100.00,64.23,0.38,64.23,1.00,64.23,7.70,,,,,,
64.36,32.42,64.36,19.37,64.36,19.40,64.36,100.00,64.36,0.38,64.36,1.00,64.36,7.70,,,,,,
64.49,32.42,64.49,19.38,64.49,19.40,64.49,100.00,64.49,0.38,64.49,1.00,64.49,7.70,,,,,,
64.62,32.25,64.62,19.37,64.62,19.40,64.62,100.00,64.62,0.38,64.62,1.00,64.62,7.60,,,,,,
64.75,32.27,64.75,19.36,64.75,19.40,64.75,100.00,64.75,0.38,64.75,1.00,64.75,7.60,,,,,,
64.88,32.25,64.88,19.35,64.88,19.40,64.88,100.00,64.88,0.37,64.88,1.00,64.88,7.60,,,,,,
65.01,32.27,65.01,19.36,65.01,19.40,65.01,100.00,65.01,0.38,65.01,1.00,65.01,7.60,,,,,,
65.14,32.27,65.14,19.35,65.14,19.30,65.14,100.00,65.14,0.38,65.14,1.00,65.14,7.60,,,,,,
65.27,32.37,65.27,19.35,65.27,19.30,65.27,100.00,65.27,0.37,65.27,1.00,65.27,7.60,,,,,,
65.40,32.27,65.40,19.35,65.40,19.40,65.40,100.00,65.40,0.38,65.40,1.00,65.40,7.60,,,,,,
65.53,32.39,65.53,19.34,65.53,19.30,65.53,100.00,65.53,0.36,65.53,1.00,65.53,7.60,,,,,,
65.66,32.42,65.66,19.35,65.66,19.30,65.66,100.00,65.66,0.38,65.66,1.00,65.66,7.60,,,,,,
65.79,32.47,65.79,19.34,65.78,19.30,65.78,100.00,65.78,0.38,65.79,1.00,65.79,7.60,,,,,,
65.92,32.58,65.92,19.33,65.91,19.30,65.91,100.00,65.91,0.38,65.92,1.00,65.92,7.50,,,,,,
66.05,32.65,66.05,19.33,66.04,19.30,66.04,100.00,66.04,0.37,66.05,1.00,66.05,7.50,,,,,,
66.18,32.68,66.18,19.33,66.17,19.30,66.17,100.00,66.17,0.38,66.18,1.00,66.18,7.50,,,,,,
66.31,32.81,66.31,19.33,66.30,19.30,66.30,100.00,66.30,0.37,66.31,1.00,66.31,7.50,,,,,,
66.44,32.99,66.44,19.32,66.43,19.30,66.43,100.00,66.43,0.37,66.44,1.00,66.43,7.50,,,,,,
66.57,33.13,66.57,19.32,66.56,19.30,66.56,100.00,66.56,0.38,66.57,1.00,66.56,7.50,,,,,,
66.70,33.38,66.69,19.37,66.69,19.40,66.69,100.00,66.69,0.37,66.69,1.00,66.69,7.50,,,,,,
66.83,33.33,66.82,19.32,66.82,19.30,66.82,100.00,66.82,0.38,66.82,1.00,66.82,7.50,,,,,,
66.96,33.56,66.95,19.33,66.95,19.30,66.95,100.00,66.95,0.36,66.95,1.00,66.95,7.50,,,,,,
67.09,33.67,67.08,19.33,67.08,19.30,67.08,100.00,67.08,0.37,67.08,1.00,67.08,7.40,,,,,,
67.22,33.84,67.21,19.33,67.21,19.30,67.21,100.00,67.21,0.37,67.21,1.00,67.21,7.40,,,,,,
67.35,34.06,67.34,19.32,67.34,19.30,67.34,100.00,67.34,0.37,67.34,1.00,67.34,7.40,,,,,,
67.47,34.32,67.47,19.32,67.47,19.30,67.47,100.00,67.47,0.37,67.47,1.00,67.47,7.40,,,,,,
67.60,34.34,67.60,19.33,67.60,19.30,67.60,100.00,67.60,0.36,67.60,1.00,67.60,7.40,,,,,,
67.73,34.50,67.73,19.32,67.73,19.30,67.73,100.00,67.73,0.37,67.73,1.00,67.73,7.40,,,,,,
67.86,34.70,67.86,19.32,67.86,19.30,67.86,100.00,67.86,0.38,67.86,1.00,67.86,7.40,,,,,,
67.99,34.99,67.99,19.37,67.99,19.40,67.99,100.00,67.99,0.36,67.99,1.00,67.99,7.40,,,,,,
68.12,35.17,68.12,19.38,68.12,19.40,68.12,100.00,68.12,0.38,68.12,1.00,68.12,7.40,,,,,,
68.25,35.41,68.25,19.39,68.25,19.40,68.25,100.00,68.25,0.36,68.25,1.00,68.25,7.40,,,,,,
68.38,35.59,68.38,19.43,68.38,19.40,68.38,100.00,68.38,0.36,68.38,1.00,68.38,7.40,,,,,,
68.51,35.75,68.51,19.47,68.51,19.50,68.51,100.00,68.51,0.37,68.51,1.00,68.51,7.40,,,,,,
68.64,35.84,68.64,19.47,68.64,19.50,68.64,100.00,68.64,0.36,68.64,1.00,68.64,7.40,,,,,,
68.77,36.06,68.77,19.47,68.77,19.50,68.77,100.00,68.77,0.36,68.77,1.00,68.77,7.40,,,,,,
68.90,36.09,68.90,19.48,68.90,19.50,68.90,100.00,68.90,0.36,68.90,1.00,68.90,7.40,,,,,,
69.03,36.30,69.03,19.51,69.03,19.50,69.03,100.00,69.03,0.36,69.03,1.00,69.03,7.40,,,,,,
69.16,36.32,69.16,19.52,69.16,19.50,69.16,100.00,69.16,0.37,69.16,1.00,69.16,7.40,,,,,,
69.29,36.38,69.29,19.53,69.29,19.50,69.29,100.00,69.29,0.36,69.29,1.00,69.29,7.40,,,,,,
69.42,36.52,69.42,19.54,69.42,19.50,69.42,100.00,69.42,0.37,69.42,1.00,69.42,7.40,,,,,,
69.55,36.49,69.55,19.54,69.55,19.50,69.55,100.00,69.55,0.36,69.55,1.00,69.55,7.40,,,,,,
69.68,36.55,69.68,19.54,69.68,19.50,69.68,100.00,69.68,0.36,69.68,1.00,69.68,7.40,,,,,,
69.81,36.40,69.81,19.53,69.81,19.50,69.81,100.00,69.81,0.36,69.81,1.00,69.81,7.40,,,,,,
69.94,36.31,69.94,19.52,69.94,19.50,69.94,100.00,69.94,0.36,69.94,1.00,69.94,7.40,,,,,,
70.07,36.50,70.07,19.51,70.07,19.50,70.07,100.00,70.07,0.37,70.07,1.00,70.07,7.40,,,,,,
70.20,36.33,70.20,19.50,70.20,19.50,70.20,100.00,70.20,0.37,70.20,1.00,70.20,7.40,,,,,,
70.33,36.32,70.33,19.50,70.33,19.50,70.33,100.00,70.33,0.37,70.33,1.00,70.33,7.40,,,,,,
70.46,36.15,70.46,19.49,70.46,19.50,70.46,100.00,70.46,0.37,70.46,1.00,70.46,7.50,,,,,,
70.59,36.01,70.59,19.47,70.59,19.50,70.59,100.00,70.59,0.37,70.59,1.00,70.59,7.50,,,,,,
70.72,35.90,70.72,19.47,70.72,19.50,70.72,100.00,70.72,0.37,70.72,1.00,70.72,7.50,,,,,,
70.85,35.64,70.85,19.47,70.85,19.50,70.85,100.00,70.85,0.38,70.85,1.00,70.85,7.50,,,,,,
70.98,35.67,70.98,19.46,70.98,19.50,70.98,100.00,70.98,0.38,70.98,1.00,70.98,7.50,,,,,,
71.11,35.54,71.11,19.45,71.10,19.50,71.10,100.00,71.10,0.37,71.11,1.00,71.11,7.50,,,,,,
71.24,35.31,71.24,19.45,71.23,19.40,71.23,100.00,71.23,0.36,71.24,1.00,71.24,7.50,,,,,,
71.37,35.14,71.37,19.45,71.36,19.40,71.36,100.00,71.36,0.37,71.37,1.00,71.37,7.50,,,,,,
71.50,34.98,71.50,19.44,71.49,19.40,71.49,100.00,71.49,0.36,71.50,1.00,71.50,7.50,,,,,,
71.63,34.70,71.63,19.44,71.62,19.40,71.62,100.00,71.62,0.38,71.63,1.00,71.63,7.50,,,,,,
71.76,34.28,71.76,19.43,71.75,19.40,71.75,100.00,71.75,0.37,71.76,1.00,71.75,7.50,,,,,,
71.89,34.12,71.89,19.42,71.88,19.40,71.88,100.00,71.88,0.37,71.89,1.00,71.88,7.40,,,,,,
72.02,33.95,72.01,19.41,72.01,19.40,72.01,100.00,72.01,0.38,72.01,1.00,72.01,7.40,,,,,,
72.15,33.65,72.14,19.41,72.14,19.40,72.14,100.00,72.14,0.37,72.14,1.00,72.14,7.40,,,,,,
72.28,33.35,72.27,19.41,72.27,19.40,72.27,100.00,72.27,0.37,72.27,1.00,72.27,7.40,,,,,,
72.41,33.11,72.40,19.40,72.40,19.40,72.40,100.00,72.40,0.37,72.40,1.00,72.40,7.40,,,,,,
72.54,33.02,72.53,19.40,72.53,19.40,72.53,100.00,72.53,0.37,72.53,1.00,72.53,7.40,,,,,,
72.67,32.61,72.66,19.39,72.66,19.40,72.66,100.00,72.66,0.38,72.66,1.00,72.66,7.40,,,,,,
72.80,32.48,72.79,19.39,72.79,19.40,72.79,100.00,72.79,0.38,72.79,1.00,72.79,7.40,,,,,,
72.92,32.18,72.92,19.39,72.92,19.40,72.92,100.00,72.92,0.36,72.92,1.00,72.92,7.40,,,,,,
73.05,32.03,73.05,19.38,73.05,19.40,73.05,100.00,73.05,0.36,73.05,1.00,73.05,7.40,,,,,,
73.18,31.79,73.18,19.38,73.18,19.40,73.18,100.00,73.18,0.38,73.18,1.00,73.18,7.40,,,,,,
73.31,31.58,73.31,19.38,73.31,19.40,73.31,100.00,73.31,0.38,73.31,1.00,73.31,7.40,,,,,,
73.44,31.40,73.44,19.37,73.44,19.40,73.44,100.00,73.44,0.37,73.44,1.00,73.44,7.40,,,,,,
73.57,31.22,73.57,19.37,73.57,19.40,73.57,100.00,73.57,0.37,73.57,1.00,73.57,7.40,,,,,,
73.70,30.91,73.70,19.36,73.70,19.40,73.70,100.00,73.70,0.37,73.70,1.00,73.70,7.40,,,,,,
73.83,30.75,73.83,19.36,73.83,19.40,73.83,100.00,73.83,0.38,73.83,1.00,73.83,7.40,,,,,,
73.96,30.56,73.96,19.36,73.96,19.40,73.96,100.00,73.96,0.38,73.96,1.00,73.96,7.30,,,,,,
74.09,30.41,74.09,19.36,74.09,19.40,74.09,100.00,74.09,0.36,74.09,1.00,74.09,7.30,,,,,,
74.22,30.26,74.22,19.36,74.22,19.40,74.22,100.00,74.22,0.37,74.22,1.00,74.22,7.30,,,,,,
74.35,30.05,74.35,19.35,74.35,19.30,74.35,100.00,74.35,0.36,74.35,1.00,74.35,7.30,,,,,,
74.48,29.93,74.48,19.35,74.48,19.30,74.48,100.00,74.48,0.38,74.48,1.00,74.48,7.30,,,,,,
74.61,29.75,74.61,19.35,74.61,19.30,74.61,100.00,74.61,0.37,74.61,1.00,74.61,7.30,,,,,,
74.74,29.67,74.74,19.36,74.74,19.40,74.74,100.00,74.74,0.37,74.74,1.00,74.74,7.30,,,,,,
74.87,29.53,74.87,19.35,74.87,19.40,74.87,100.00,74.87,0.37,74.87,1.00,74.87,7.30,,,,,,
75.00,29.39,75.00,19.36,75.00,19.40,75.00,100.00,75.00,0.38,75.00,1.00,75.00,7.30,,,,,,
75.13,29.31,75.13,19.36,75.13,19.40,75.13,100.00,75.13,0.36,75.13,1.00,75.13,7.30,,,,,,
75.26,29.18,75.26,19.36,75.26,19.40,75.26,100.00,75.26,0.37,75.26,1.00,75.26,7.30,,,,,,
75.39,29.15,75.39,19.36,75.39,19.40,75.39,100.00,75.39,0.37,75.39,1.00,75.39,7.30,,,,,,
75.52,29.07,75.52,19.37,75.52,19.40,75.52,100.00,75.52,0.38,75.52,1.00,75.52,7.30,,,,,,
75.65,28.98,75.65,19.38,75.65,19.40,75.65,100.00,75.65,0.36,75.65,1.00,75.65,7.30,,,,,,
75.78,28.93,75.78,19.38,75.78,19.40,75.78,100.00,75.78,0.37,75.78,1.00,75.78,7.20,,,,,,
75.91,28.91,75.91,19.38,75.91,19.40,75.91,100.00,75.91,0.37,75.91,1.00,75.91,7.20,,,,,,
76.04,28.95,76.04,19.41,76.04,19.40,76.04,100.00,76.04,0.35,76.04,1.00,76.04,7.20,,,,,,
76.17,28.89,76.17,19.39,76.17,19.40,76.17,100.00,76.17,0.36,76.17,1.00,76.17,7.20,,,,,,
76.30,28.79,76.30,19.38,76.29,19.40,76.29,100.00,76.29,0.37,76.30,1.00,76.30,7.20,,,,,,
76.43,28.86,76.43,19.38,76.42,19.40,76.42,100.00,76.42,0.37,76.43,1.00,76.43,7.20,,,,,,
76.56,28.79,76.56,19.38,76.55,19.40,76.55,100.00,76.55,0.38,76.56,1.00,76.56,7.20,,,,,,
76.69,28.69,76.69,19.38,76.68,19.40,76.68,100.00,76.68,0.37,76.69,1.00,76.69,7.20,,,,,,
76.82,28.65,76.82,19.37,76.81,19.40,76.81,100.00,76.81,0.37,76.82,1.00,76.82,7.20,,,,,,
76.95,28.53,76.95,19.37,76.94,19.40,76.94,100.00,76.94,0.38,76.95,1.00,76.95,7.20,,,,,,
77.08,28.53,77.08,19.36,77.07,19.40,77.07,100.00,77.07,0.38,77.08,1.00,77.07,7.20,,,,,,
77.21,28.54,77.21,19.37,77.20,19.40,77.20,100.00,77.20,0.37,77.21,1.00,77.20,7.20,,,,,,
77.34,28.46,77.33,19.36,77.33,19.40,77.33,100.00,77.33,0.38,77.33,1.00,77.33,7.20,,,,,,
77.47,28.52,77.46,19.36,77.46,19.40,77.46,100.00,77.46,0.37,77.46,1.00,77.46,7.20,,,,,,
77.60,28.61,77.59,19.37,77.59,19.40,77.59,100.00,77.59,0.36,77.59,1.00,77.59,7.20,,,,,,
77.73,28.62,77.72,19.37,77.72,19.40,77.72,100.00,77.72,0.37,77.72,1.00,77.72,7.20,,,,,,
77.86,28.60,77.85,19.36,77.85,19.40,77.85,100.00,77.85,0.37,77.85,1.00,77.85,7.20,,,,,,
77.99,28.53,77.98,19.36,77.98,19.40,77.98,100.00,77.98,0.38,77.98,1.00,77.98,7.20,,,,,,
78.12,28.58,78.11,19.36,78.11,19.40,78.11,100.00,78.11,0.37,78.11,1.00,78.11,7.20,,,,,,
78.24,28.46,78.24,19.36,78.24,19.40,78.24,100.00,78.24,0.38,78.24,1.00,78.24,7.20,,,,,,
78.37,28.45,78.37,19.35,78.37,19.40,78.37,100.00,78.37,0.37,78.37,1.00,78.37,7.20,,,,,,
78.50,28.48,78.50,19.35,78.50,19.30,78.50,100.00,78.50,0.37,78.50,1.00,78.50,7.20,,,,,,
78.63,28.55,78.63,19.35,78.63,19.30,78.63,100.00,78.63,0.37,78.63,1.00,78.63,7.20,,,,,,
78.76,28.49,78.76,19.35,78.76,19.30,78.76,100.00,78.76,0.38,78.76,1.00,78.76,7.10,,,,,,
78.89,28.62,78.89,19.34,78.89,19.30,78.89,100.00,78.89,0.37,78.89,1.00,78.89,7.10,,,,,,
79.02,28.50,79.02,19.33,79.02,19.30,79.02,100.00,79.02,0.37,79.02,1.00,79.02,7.10,,,,,,
79.15,28.61,79.15,19.33,79.15,19.30,79.15,100.00,79.15,0.38,79.15,1.00,79.15,7.10,,,,,,
79.28,28.50,79.28,19.32,79.28,19.30,79.28,100.00,79.28,0.38,79.28,1.00,79.28,7.10,,,,,,
79.41,28.54,79.41,19.31,79.41,19.30,79.41,100.00,79.41,0.38,79.41,1.00,79.41,7.10,,,,,,
79.54,28.54,79.54,19.32,79.54,19.30,79.54,100.00,79.54,0.38,79.54,1.00,79.54,7.10,,,,,,
79.67,28.51,79.67,19.32,79.67,19.30,79.67,100.00,79.67,0.37,79.67,1.00,79.67,7.10,,,,,,
79.80,28.48,79.80,19.32,79.80,19.30,79.80,100.00,79.80,0.38,79.80,1.00,79.80,7.10,,,,,,
79.93,28.60,79.93,19.32,79.93,19.30,79.93,100.00,79.93,0.38,79.93,1.00,79.93,7.00,,,,,,
80.06,28.46,80.06,19.30,80.06,19.30,80.06,100.00,80.06,0.38,80.06,1.00,80.06,7.00,,,,,,
80.19,28.53,80.19,19.30,80.19,19.30,80.19,100.00,80.19,0.38,80.19,1.00,80.19,7.00,,,,,,
80.32,28.53,80.32,19.31,80.32,19.30,80.32,100.00,80.32,0.38,80.32,1.00,80.32,7.00,,,,,,
80.45,28.54,80.45,19.30,80.45,19.30,80.45,100.00,80.45,0.38,80.45,1.00,80.45,7.00,,,,,,
80.58,28.51,80.58,19.30,80.58,19.30,80.58,100.00,80.58,0.38,80.58,1.00,80.58,7.00,,,,,,
80.71,28.61,80.71,19.31,80.71,19.30,80.71,100.00,80.71,0.38,80.71,1.00,80.71,7.00,,,,,,
80.84,28.61,80.84,19.29,80.84,19.30,80.84,100.00,80.84,0.38,80.84,1.00,80.84,6.90,,,,,,
80.97,28.69,80.97,19.30,80.97,19.30,80.97,100.00,80.97,0.38,80.97,1.00,80.97,6.90,,,,,,
81.10,28.44,81.10,19.30,81.10,19.30,81.10,100.00,81.10,0.38,81.10,1.00,81.10,6.90,,,,,,
81.23,28.57,81.23,19.31,81.23,19.30,81.23,100.00,81.23,0.38,81.23,1.00,81.23,6.90,,,,,,
81.36,28.45,81.36,19.31,81.36,19.30,81.36,100.00,81.36,0.38,81.36,1.00,81.36,6.90,,,,,,
81.49,28.44,81.49,19.31,81.49,19.30,81.49,100.00,81.49,0.38,81.49,1.00,81.49,6.90,,,,,,
81.62,28.51,81.62,19.31,81.61,19.30,81.61,100.00,81.61,0.38,81.62,1.00,81.62,6.80,,,,,,
81.75,28.45,81.75,19.31,81.74,19.30,81.74,100.00,81.74,0.38,81.75,1.00,81.75,6.80,,,,,,
81.88,28.37,81.88,19.32,81.87,19.30,81.87,100.00,81.87,0.38,81.88,1.00,81.88,6.80,,,,,,
82.01,28.54,82.01,19.33,82.00,19.30,82.00,100.00,82.00,0.38,82.01,1.00,82.01,6.80,,,,,,
82.14,28.50,82.14,19.34,82.13,19.30,82.13,100.00,82.13,0.38,82.14,1.00,82.14,6.80,,,,,,
82.27,28.34,82.27,19.33,82.26,19.30,82.26,100.00,82.26,0.38,82.27,1.00,82.27,6.80,,,,,,
82.40,28.44,82.40,19.35,82.39,19.30,82.39,100.00,82.39,0.38,82.40,1.00,82.39,6.80,,,,,,
82.53,28.32,82.53,19.38,82.52,19.40,82.52,100.00,82.52,0.38,82.53,1.00,82.52,6.80,,,,,,
82.66,28.36,82.65,19.39,82.65,19.40,82.65,100.00,82.65,0.38,82.65,1.00,82.65,6.80,,,,,,
82.79,28.31,82.78,19.38,82.78,19.40,82.78,100.00,82.78,0.38,82.78,1.00,82.78,6.80,,,,,,
82.92,28.32,82.91,19.38,82.91,19.40,82.91,100.00,82.91,0.38,82.91,1.00,82.91,6.80,,,,,,
83.05,28.15,83.04,19.37,83.04,19.40,83.04,100.00,83.04,0.38,83.04,1.00,83.04,6.80,,,,,,
83.18,28.15,83.17,19.37,83.17,19.40,83.17,100.00,83.17,0.38,83.17,1.00,83.17,6.70,,,,,,
83.31,28.07,83.30,19.36,83.30,19.40,83.30,100.00,83.30,0.38,83.30,1.00,83.30,6.70,,,,,,
83.44,28.12,83.43,19.35,83.43,19.30,83.43,100.00,83.43,0.38,83.43,1.00,83.43,6.70,,,,,,
83.57,28.05,83.56,19.35,83.56,19.30,83.56,100.00,83.56,0.38,83.56,1.00,83.56,6.70,,,,,,
83.69,28.03,83.69,19.34,83.69,19.30,83.69,100.00,83.69,0.38,83.69,1.00,83.69,6.70,,,,,,
83.82,28.00,83.82,19.34,83.82,19.30,83.82,100.00,83.82,0.38,83.82,1.00,83.82,6.70,,,,,,
83.95,27.92,83.95,19.33,83.95,19.30,83.95,100.00,83.95,0.38,83.95,1.00,83.95,6.70,,,,,,
84.08,27.98,84.08,19.33,84.08,19.30,84.08,100.00,84.08,0.38,84.08,1.00,84.08,6.70,,,,,,
84.21,28.04,84.21,19.33,84.21,19.30,84.21,100.00,84.21,0.38,84.21,1.00,84.21,6.70,,,,,,
84.34,27.98,84.34,19.32,84.34,19.30,84.34,100.00,84.34,0.38,84.34,1.00,84.34,6.70,,,,,,
84.47,27.89,84.47,19.32,84.47,19.30,84.47,100.00,84.47,0.38,84.47,1.00,84.47,6.70,,,,,,
84.60,27.94,84.60,19.32,84.60,19.30,84.60,100.00,84.60,0.38,84.60,1.00,84.60,6.70,,,,,,
84.73,27.95,84.73,19.31,84.73,19.30,84.73,100.00,84.73,0.38,84.73,1.00,84.73,6.70,,,,,,
84.86,27.83,84.86,19.30,84.86,19.30,84.86,100.00,84.86,0.38,84.86,1.00,84.86,6.70,,,,,,
84.99,27.90,84.99,19.30,84.99,19.30,84.99,100.00,84.99,0.38,84.99,1.00,84.99,6.70,,,,,,
85.12,27.78,85.12,19.30,85.12,19.30,85.12,100.00,85.12,0.38,85.12,1.00,85.12,6.70,,,,,,
85.25,27.82,85.25,19.30,85.25,19.30,85.25,100.00,85.25,0.38,85.25,1.00,85.25,6.70,,,,,,
85.38,27.77,85.38,19.30,85.38,19.30,85.38,100.00,85.38,0.15,85.38,1.00,85.38,6.70,,,,,,
85.51,27.86,85.51,19.31,85.51,19.30,85.51,100.00,85.51,0.37,85.51,1.00,85.51,6.70,,,,,,
85.64,27.71,85.64,19.29,85.64,19.30,85.64,100.00,85.64,0.37,85.64,1.00,85.64,6.70,,,,,,
85.77,27.74,85.77,19.28,85.77,19.30,85.77,100.00,85.77,0.38,85.77,1.00,85.77,6.70,,,,,,
85.90,27.84,85.90,19.27,85.90,19.30,85.90,100.00,85.90,0.38,85.90,1.00,85.90,6.70,,,,,,
86.03,27.79,86.03,19.27,86.03,19.30,86.03,100.00,86.03,0.38,86.03,1.00,86.03,6.70,,,,,,
86.16,27.85,86.16,19.27,86.16,19.30,86.16,100.00,86.16,0.38,86.16,1.00,86.16,6.70,,,,,,
86.29,27.73,86.29,19.27,86.29,19.30,86.29,100.00,86.29,0.37,86.29,1.00,86.29,6.70,,,,,,
86.42,27.73,86.42,19.27,86.42,19.30,86.42,100.00,86.42,0.38,86.42,1.00,86.42,6.70,,,,,,
86.55,27.64,86.55,19.28,86.55,19.30,86.55,100.00,86.55,0.38,86.55,1.00,86.55,6.70,,,,,,
86.68,27.63,86.68,19.27,86.68,19.30,86.68,100.00,86.68,0.38,86.68,1.00,86.68,6.70,,,,,,
86.81,27.61,86.81,19.26,86.80,19.30,86.80,100.00,86.80,0.38,86.81,1.00,86.81,6.70,,,,,,
86.94,27.54,86.94,19.25,86.93,19.30,86.93,100.00,86.93,0.38,86.94,1.00,86.94,6.70,,,,,,
87.07,27.67,87.07,19.26,87.06,19.30,87.06,100.00,87.06,0.38,87.07,1.00,87.07,6.70,,,,,,
87.20,27.57,87.20,19.26,87.19,19.30,87.19,100.00,87.19,0.38,87.20,1.00,87.20,6.70,,,,,,
87.33,27.52,87.33,19.25,87.32,19.20,87.32,100.00,87.32,0.38,87.33,1.00,87.33,6.60,,,,,,
87.46,27.60,87.46,19.26,87.45,19.30,87.45,100.00,87.45,0.38,87.46,1.00,87.46,6.60,,,,,,
87.59,27.59,87.59,19.26,87.58,19.30,87.58,100.00,87.58,0.38,87.59,1.00,87.59,6.60,,,,,,
87.72,27.30,87.72,19.25,87.71,19.30,87.71,100.00,87.71,0.38,87.72,1.00,87.71,6.60,,,,,,
87.85,27.39,87.85,19.25,87.84,19.20,87.84,100.00,87.84,0.38,87.85,1.00,87.84,6.60,,,,,,
87.98,27.48,87.97,19.25,87.97,19.30,87.97,100.00,87.97,0.38,87.97,1.00,87.97,6.60,,,,,,
88.11,27.24,88.10,19.24,88.10,19.20,88.10,100.00,88.10,0.38,88.10,1.00,88.10,6.60,,,,,,
88.24,27.24,88.23,19.24,88.23,19.20,88.23,100.00,88.23,0.38,88.23,1.00,88.23,6.60,,,,,,
88.37,27.17,88.36,19.24,88.36,19.20,88.36,100.00,88.36,0.38,88.36,1.00,88.36,6.60,,,,,,
88.50,27.13,88.49,19.24,88.49,19.20,88.49,100.00,88.49,0.38,88.49,1.00,88.49,6.60,,,,,,
88.63,27.10,88.62,19.24,88.62,19.20,88.62,100.00,88.62,0.38,88.62,1.00,88.62,6.60,,,,,,
88.76,27.08,88.75,19.24,88.75,19.20,88.75,100.00,88.75,0.38,88.75,1.00,88.75,6.60,,,,,,
88.89,26.96,88.88,19.25,88.88,19.20,88.88,100.00,88.88,0.38,88.88,1.00,88.88,6.60,,,,,,
89.02,26.92,89.01,19.24,89.01,19.20,89.01,100.00,89.01,0.38,89.01,1.00,89.01,6.60,,,,,,
89.14,26.77,89.14,19.24,89.14,19.20,89.14,100.00,89.14,0.38,89.14,1.00,89.14,6.60,,,,,,
89.27,26.72,89.27,19.23,89.27,19.20,89.27,100.00,89.27,0.38,89.27,1.00,89.27,6.60,,,,,,
89.40,26.69,89.40,19.23,89.40,19.20,89.40,100.00,89.40,0.38,89.40,1.00,89.40,6.60,,,,,,
89.53,26.51,89.53,19.23,89.53,19.20,89.53,100.00,89.53,0.38,89.53,1.00,89.53,6.60,,,,,,
89.66,26.51,89.66,19.23,89.66,19.20,89.66,100.00,89.66,0.38,89.66,1.00,89.66,6.60,,,,,,
89.79,26.50,89.79,19.22,89.79,19.20,89.79,100.00,89.79,0.38,89.79,1.00,89.79,6.60,,,,,,
89.92,26.27,89.92,19.22,89.92,19.20,89.92,100.00,89.92,0.38,89.92,1.00,89.92,6.60,,,,,,
90.05,26.25,90.05,19.22,90.05,19.20,90.05,100.00,90.05,0.38,90.05,1.00,90.05,6.50,,,,,,
90.18,26.14,90.18,19.22,90.18,19.20,90.18,100.00,90.18,0.38,90.18,1.00,90.18,6.50,,,,,,
90.31,26.22,90.31,19.22,90.31,19.20,90.31,100.00,90.31,0.38,90.31,1.00,90.31,6.50,,,,,,
90.44,26.11,90.44,19.22,90.44,19.20,90.44,100.00,90.44,0.38,90.44,1.00,90.44,6.50,,,,,,
90.57,26.02,90.57,19.22,90.57,19.20,90.57,100.00,90.57,0.38,90.57,1.00,90.57,6.50,,,,,,
90.70,25.88,90.70,19.22,90.70,19.20,90.70,100.00,90.70,0.38,90.70,1.00,90.70,6.50,,,,,,
90.83,25.82,90.83,19.21,90.83,19.20,90.83,100.00,90.83,0.38,90.83,1.00,90.83,6.50,,,,,,
90.96,25.73,90.96,19.21,90.96,19.20,90.96,100.00,90.96,0.38,90.96,1.00,90.96,6.50,,,,,,
91.09,25.53,91.09,19.22,91.09,19.20,91.09,100.00,91.09,0.38,91.09,1.00,91.09,6.50,,,,,,
91.22,25.66,91.22,19.22,91.22,19.20,91.22,100.00,91.22,0.38,91.22,1.00,91.22,6.50,,,,,,
91.35,25.46,91.35,19.23,91.35,19.20,91.35,100.00,91.35,0.38,91.35,1.00,91.35,6.50,,,,,,
91.48,25.38,91.48,19.21,91.48,19.20,91.48,100.00,91.48,0.38,91.48,1.00,91.48,6.50,,,,,,
91.61,25.20,91.61,19.20,91.61,19.20,91.61,100.00,91.61,0.38,91.61,1.00,91.61,6.50,,,,,,
91.74,25.09,91.74,19.19,91.74,19.20,91.74,100.00,91.74,0.38,91.74,1.00,91.74,6.50,,,,,,
91.87,25.21,91.87,19.19,91.87,19.20,91.87,100.00,91.87,0.38,91.87,1.00,91.87,6.50,,,,,,
92.00,25.06,92.00,19.19,92.00,19.20,92.00,100.00,92.00,0.38,92.00,1.00,92.00,6.40,,,,,,
92.13,24.92,92.13,19.19,92.12,19.20,92.12,100.00,92.12,0.38,92.13,1.00,92.13,6.40,,,,,,
92.26,24.83,92.26,19.20,92.25,19.20,92.25,100.00,92.25,0.38,92.26,1.00,92.26,6.40,,,,,,
92.39,24.73,92.39,19.21,92.38,19.20,92.38,100.00,92.38,0.38,92.39,1.00,92.39,6.40,,,,,,
92.52,24.57,92.52,19.21,92.51,19.20,92.51,100.00,92.51,0.38,92.52,1.00,92.52,6.40,,,,,,
92.65,24.56,92.65,19.22,92.64,19.20,92.64,100.00,92.64,0.38,92.65,1.00,92.65,6.30,,,,,,
92.78,24.49,92.78,19.22,92.77,19.20,92.77,100.00,92.77,0.38,92.78,1.00,92.78,6.30,,,,,,
92.91,24.55,92.91,19.23,92.90,19.20,92.90,100.00,92.90,0.37,92.91,1.00,92.91,6.30,,,,,,
93.04,24.41,93.04,19.24,93.03,19.20,93.03,100.00,93.03,0.38,93.04,1.00,93.03,6.30,,,,,,
93.17,24.28,93.17,19.24,93.16,19.20,93.16,100.00,93.16,0.38,93.17,1.00,93.16,6.30,,,,,,
93.30,24.41,93.29,19.25,93.29,19.20,93.29,100.00,93.29,0.38,93.29,1.00,93.29,6.30,,,,,,
93.43,24.26,93.42,19.24,93.42,19.20,93.42,100.00,93.42,0.38,93.42,1.00,93.42,6.30,,,,,,
93.56,24.26,93.55,19.24,93.55,19.20,93.55,100.00,93.55,0.38,93.55,1.00,93.55,6.30,,,,,,
93.69,24.20,93.68,19.25,93.68,19.20,93.68,100.00,93.68,0.38,93.68,1.00,93.68,6.30,,,,,,
93.82,24.26,93.81,19.25,93.81,19.20,93.81,100.00,93.81,0.38,93.81,1.00,93.81,6.20,,,,,,
93.95,24.12,93.94,19.24,93.94,19.20,93.94,100.00,93.94,0.38,93.94,1.00,93.94,6.20,,,,,,
94.08,24.10,94.07,19.24,94.07,19.20,94.07,100.00,94.07,0.37,94.07,1.00,94.07,6.20,,,,,,
94.21,24.11,94.20,19.23,94.20,19.20,94.20,100.00,94.20,0.38,94.20,1.00,94.20,6.20,,,,,,
94.34,24.01,94.33,19.23,94.33,19.20,94.33,100.00,94.33,0.38,94.33,1.00,94.33,6.20,,,,,,
94.46,24.06,94.46,19.22,94.46,19.20,94.46,100.00,94.46,0.38,94.46,1.00,94.46,6.20,,,,,,
94.59,23.99,94.59,19.21,94.59,19.20,94.59,100.00,94.59,0.38,94.59,1.00,94.59,6.20,,,,,,
94.72,24.05,94.72,19.21,94.72,19.20,94.72,100.00,94.72,0.38,94.72,1.00,94.72,6.20,,,,,,
94.85,24.12,94.85,19.25,94.85,19.30,94.85,100.00,94.85,0.37,94.85,1.00,94.85,6.20,,,,,,
94.98,23.93,94.98,19.20,94.98,19.20,94.98,100.00,94.98,0.38,94.98,1.00,94.98,6.20,,,,,,
95.11,24.05,95.11,19.20,95.11,19.20,95.11,100.00,95.11,0.38,95.11,1.00,95.11,6.20,,,,,,
95.24,23.94,95.24,19.19,95.24,19.20,95.24,100.00,95.24,0.38,95.24,1.00,95.24,6.20,,,,,,
95.37,24.09,95.37,19.18,95.37,19.20,95.37,100.00,95.37,0.38,95.37,1.00,95.37,6.20,,,,,,
95.50,24.06,95.50,19.18,95.50,19.20,95.50,100.00,95.50,0.38,95.50,1.00,95.50,6.20,,,,,,
95.63,23.98,95.63,19.18,95.63,19.20,95.63,100.00,95.63,0.38,95.63,1.00,95.63,6.20,,,,,,
95.76,24.09,95.76,19.17,95.76,19.20,95.76,100.00,95.76,0.38,95.76,1.00,95.76,6.20,,,,,,
95.89,24.14,95.89,19.17,95.89,19.20,95.89,100.00,95.89,0.38,95.89,1.00,95.89,6.20,,,,,,
96.02,24.15,96.02,19.17,96.02,19.20,96.02,100.00,96.02,0.38,96.02,1.00,96.02,6.20,,,,,,
96.15,24.07,96.15,19.18,96.15,19.20,96.15,100.00,96.15,0.38,96.15,1.00,96.15,6.20,,,,,,
96.28,24.28,96.28,19.18,96.28,19.20,96.28,100.00,96.28,0.38,96.28,1.00,96.28,6.20,,,,,,
96.41,24.19,96.41,19.18,96.41,19.20,96.41,100.00,96.41,0.38,96.41,1.00,96.41,6.20,,,,,,
96.54,24.40,96.54,19.19,96.54,19.20,96.54,100.00,96.54,0.38,96.54,1.00,96.54,6.20,,,,,,
96.67,24.28,96.67,19.19,96.67,19.20,96.67,100.00,96.67,0.38,96.67,1.00,96.67,6.20,,,,,,
96.80,24.11,96.80,19.20,96.80,19.20,96.80,100.00,96.80,0.38,96.80,1.00,96.80,6.30,,,,,,
96.93,24.42,96.93,19.21,96.93,19.20,96.93,100.00,96.93,0.38,96.93,1.00,96.93,6.30,,,,,,
97.06,24.59,97.06,19.22,97.06,19.20,97.06,100.00,97.06,0.38,97.06,1.00,97.06,6.30,,,,,,
97.19,24.54,97.19,19.23,97.19,19.20,97.19,100.00,97.19,0.38,97.19,1.00,97.19,6.30,,,,,,
97.32,24.66,97.32,19.24,97.31,19.20,97.31,100.00,97.31,0.38,97.32,1.00,97.32,6.30,,,,,,
97.45,24.49,97.45,19.25,97.44,19.30,97.44,100.00,97.44,0.38,97.45,1.00,97.45,6.30,,,,,,
97.58,24.77,97.58,19.26,97.57,19.30,97.57,100.00,97.57,0.38,97.58,1.00,97.58,6.30,,,,,,
97.71,24.65,97.71,19.27,97.70,19.30,97.70,100.00,97.70,0.38,97.71,1.00,97.71,6.30,,,,,,
97.84,24.76,97.84,19.28,97.83,19.30,97.83,100.00,97.83,0.38,97.84,1.00,97.84,6.30,,,,,,
97.97,24.72,97.97,19.29,97.96,19.30,97.96,100.00,97.96,0.38,97.97,1.00,97.97,6.30,,,,,,
98.10,24.76,98.10,19.30,98.09,19.30,98.09,100.00,98.09,0.38,98.10,1.00,98.10,6.30,,,,,,
98.23,24.84,98.23,19.31,98.22,19.30,98.22,100.00,98.22,0.38,98.23,1.00,98.23,6.30,,,,,,
98.36,24.89,98.36,19.32,98.35,19.30,98.35,100.00,98.35,0.38,98.36,1.00,98.35,6.30,,,,,,
98.49,24.96,98.49,19.32,98.48,19.30,98.48,100.00,98.48,0.38,98.49,1.00,98.48,6.30,,,,,,
98.62,24.94,98.61,19.33,98.61,19.30,98.61,100.00,98.61,0.38,98.61,1.00,98.61,6.30,,,,,,
98.75,25.01,98.74,19.34,98.74,19.30,98.74,100.00,98.74,0.38,98.74,1.00,98.74,6.30,,,,,,
98.88,25.36,98.87,19.36,98.87,19.40,98.87,100.00,98.87,0.38,98.87,1.00,98.87,6.30,,,,,,
99.01,25.95,99.00,19.40,99.00,19.40,99.00,100.00,99.00,0.38,99.00,1.00,99.00,6.40,,,,,,
99.14,26.87,99.13,19.54,99.13,19.50,99.13,100.00,99.13,0.38,99.13,1.00,99.13,6.40,,,,,,
99.27,27.86,99.26,19.81,99.26,19.80,99.26,100.00,99.26,0.38,99.26,1.00,99.26,6.40,,,,,,
99.40,28.32,99.39,20.13,99.39,20.10,99.39,100.00,99.39,0.38,99.39,1.00,99.39,6.40,,,,,,
99.53,28.68,99.52,20.40,99.52,20.40,99.52,100.00,99.52,0.38,99.52,1.00,99.52,6.40,,,,,,
99.66,28.69,99.65,20.65,99.65,20.60,99.65,100.00,99.65,0.38,99.65,1.00,99.65,6.40,,,,,,
99.79,28.67,99.78,20.84,99.78,20.80,99.78,100.00,99.78,0.38,99.78,1.00,99.78,6.40,,,,,,
99.91,28.65,99.91,20.96,99.91,21.00,99.91,100.00,99.91,0.38,99.91,1.00,99.91,6.40,,,,,,
100.04,28.66,100.04,21.06,100.04,21.10,100.04,100.00,100.04,0.37,100.04,1.00,100.04,6.40,,,,,,
100.17,28.71,100.17,21.14,100.17,21.20,100.17,100.00,100.17,0.38,100.17,1.00,100.17,6.40,,,,,,
100.30,28.54,100.30,21.22,100.30,21.20,100.30,100.00,100.30,0.38,100.30,1.00,100.30,6.40,,,,,,
100.43,28.58,100.43,21.29,100.43,21.30,100.43,100.00,100.43,0.38,100.43,1.00,100.43,6.40,,,,,,
100.56,28.62,100.56,21.36,100.56,21.40,100.56,100.00,100.56,0.38,100.56,1.00,100.56,6.50,,,,,,
100.69,28.44,100.69,21.42,100.69,21.40,100.69,100.00,100.69,0.38,100.69,1.00,100.69,6.50,,,,,,
100.82,28.51,100.82,21.47,100.82,21.50,100.82,100.00,100.82,0.38,100.82,1.00,100.82,6.50,,,,,,
100.95,28.61,100.95,21.53,100.95,21.50,100.95,100.00,100.95,0.38,100.95,1.00,100.95,6.50,,,,,,
101.08,28.55,101.08,21.58,101.08,21.60,101.08,100.00,101.08,0.38,101.08,1.00,101.08,6.50,,,,,,
101.21,28.42,101.21,21.64,101.21,21.60,101.21,100.00,101.21,0.38,101.21,1.00,101.21,6.50,,,,,,
101.34,28.57,101.34,21.70,101.34,21.70,101.34,100.00,101.34,0.38,101.34,1.00,101.34,6.50,,,,,,
101.47,28.26,101.47,21.75,101.47,21.80,101.47,100.00,101.47,0.38,101.47,1.00,101.47,6.50,,,,,,
101.60,28.30,101.60,21.80,101.60,21.80,101.60,100.00,101.60,0.37,101.60,1.00,101.60,6.60,,,,,,
101.73,28.32,101.73,21.85,101.73,21.90,101.73,100.00,101.73,0.38,101.73,1.00,101.73,6.60,,,,,,
101.86,28.28,101.86,21.90,101.86,21.90,101.86,100.00,101.86,0.38,101.86,1.00,101.86,6.60,,,,,,
101.99,28.09,101.99,21.94,101.99,21.90,101.99,100.00,101.99,0.38,101.99,1.00,101.99,6.60,,,,,,
102.12,28.14,102.12,21.99,102.12,22.00,102.12,100.00,102.12,0.38,102.12,1.00,102.12,6.60,,,,,,
102.25,28.06,102.25,22.04,102.25,22.00,102.25,100.00,102.25,0.38,102.25,1.00,102.25,6.60,,,,,,
102.38,27.97,102.38,22.07,102.38,22.10,102.38,100.00,102.38,0.38,102.38,1.00,102.38,6.60,,,,,,
102.51,28.24,102.51,22.11,102.51,22.10,102.51,100.00,102.51,0.38,102.51,1.00,102.51,6.70,,,,,,
102.64,28.33,102.64,22.15,102.63,22.20,102.63,100.00,102.63,0.38,102.64,1.00,102.64,6.70,,,,,,
102.77,28.05,102.77,22.18,102.76,22.20,102.76,100.00,102.76,0.38,102.77,1.00,102.77,6.70,,,,,,
102.90,28.21,102.90,22.23,102.89,22.20,102.89,100.00,102.89,0.38,102.90,1.00,102.90,6.70,,,,,,
103.03,27.99,103.03,22.26,103.02,22.30,103.02,100.00,103.02,0.38,103.03,1.00,103.03,6.70,,,,,,
103.16,28.00,103.16,22.30,103.15,22.30,103.15,100.00,103.15,0.38,103.16,1.00,103.16,6.70,,,,,,
103.29,27.95,103.29,22.33,103.28,22.30,103.28,100.00,103.28,0.38,103.29,1.00,103.29,6.70,,,,,,
103.42,27.90,103.42,22.36,103.41,22.40,103.41,100.00,103.41,0.38,103.42,1.00,103.42,6.70,,,,,,
103.55,27.67,103.55,22.40,103.54,22.40,103.54,100.00,103.54,0.38,103.55,1.00,103.55,6.70,,,,,,
103.68,28.21,103.68,22.43,103.67,22.40,103.67,100.00,103.67,0.38,103.68,1.00,103.67,6.80,,,,,,
103.81,27.91,103.81,22.47,103.80,22.50,103.80,100.00,103.80,0.38,103.81,1.00,103.80,6.80,,,,,,
103.94,27.58,103.93,22.49,103.93,22.50,103.93,100.00,103.93,0.38,103.93,1.00,103.93,6.80,,,,,,
104.07,27.88,104.06,22.54,104.06,22.50,104.06,100.00,104.06,0.38,104.06,1.00,104.06,6.80,,,,,,
104.20,25.22,104.19,22.57,104.19,22.60,104.19,100.00,104.19,0.26,104.19,1.00,104.19,6.80,,,,,,
104.33,27.78,104.32,22.68,104.32,22.60,104.32,100.00,104.32,0.36,104.32,1.00,104.32,6.80,,,,,,
104.46,28.14,104.45,22.69,104.45,22.70,104.45,100.00,104.45,0.38,104.45,1.00,104.45,6.80,,,,,,
104.59,27.62,104.58,22.70,104.58,22.70,104.58,100.00,104.58,0.38,104.58,1.00,104.58,6.80,,,,,,
104.72,27.82,104.71,22.73,104.71,22.70,104.71,100.00,104.71,0.38,104.71,1.00,104.71,6.80,,,,,,
104.85,27.48,104.84,22.77,104.84,22.80,104.84,100.00,104.84,0.37,104.84,1.00,104.84,6.80,,,,,,
104.98,27.32,104.97,22.80,104.97,22.80,104.97,100.00,104.97,0.38,104.97,1.00,104.97,6.80,,,,,,
105.11,27.31,105.10,22.86,105.10,22.90,105.10,100.00,105.10,0.37,105.10,1.00,105.10,6.90,,,,,,
105.23,27.41,105.23,22.91,105.23,22.90,105.23,100.00,105.23,0.38,105.23,1.00,105.23,6.90,,,,,,
105.36,27.31,105.36,22.95,105.36,23.00,105.36,100.00,105.36,0.38,105.36,1.00,105.36,6.90,,,,,,
105.49,27.41,105.49,23.04,105.49,23.00,105.49,100.00,105.49,0.38,105.49,1.00,105.49,6.90,,,,,,
105.62,27.25,105.62,23.12,105.62,23.10,105.62,100.00,105.62,0.38,105.62,1.00,105.62,6.90,,,,,,
105.75,27.01,105.75,23.22,105.75,23.20,105.75,100.00,105.75,0.38,105.75,1.00,105.75,6.90,,,,,,
105.88,26.62,105.88,23.35,105.88,23.30,105.88,100.00,105.88,0.38,105.88,1.00,105.88,6.90,,,,,,
106.01,26.69,106.01,23.47,106.01,23.50,106.01,100.00,106.01,0.38,106.01,1.00,106.01,6.90,,,,,,
106.14,26.30,106.14,23.59,106.14,23.60,106.14,100.00,106.14,0.37,106.14,1.00,106.14,6.90,,,,,,
106.27,26.31,106.27,23.70,106.27,23.70,106.27,100.00,106.27,0.38,106.27,1.00,106.27,6.90,,,,,,
106.40,25.99,106.40,23.82,106.40,23.80,106.40,100.00,106.40,0.38,106.40,1.00,106.40,6.90,,,,,,
106.53,25.90,106.53,23.92,106.53,23.90,106.53,100.00,106.53,0.38,106.53,1.00,106.53,6.90,,,,,,
106.66,25.59,106.66,24.04,106.66,24.00,106.66,100.00,106.66,0.38,106.66,1.00,106.66,6.90,,,,,,
106.79,25.40,106.79,24.16,106.79,24.20,106.79,100.00,106.79,0.38,106.79,1.00,106.79,6.90,,,,,,
106.92,25.16,106.92,24.26,106.92,24.30,106.92,100.00,106.92,0.38,106.92,1.00,106.92,6.90,,,,,,
107.05,25.03,107.05,24.38,107.05,24.40,107.05,100.00,107.05,0.37,107.05,1.00,107.05,6.90,,,,,,
107.18,24.98,107.18,24.47,107.18,24.50,107.18,100.00,107.18,0.38,107.18,1.00,107.18,7.00,,,,,,
107.31,24.66,107.31,24.58,107.31,24.60,107.31,100.00,107.31,0.37,107.31,1.00,107.31,7.00,,,,,,
107.44,24.60,107.44,24.68,107.44,24.70,107.44,100.00,107.44,0.38,107.44,1.00,107.44,7.00,,,,,,
107.57,24.58,107.57,24.78,107.57,24.80,107.57,100.00,107.57,0.38,107.57,1.00,107.57,7.00,,,,,,
107.70,24.06,107.70,24.87,107.70,24.90,107.70,100.00,107.70,0.38,107.70,1.00,107.70,7.00,,,,,,
107.83,24.01,107.83,24.95,107.82,25.00,107.82,100.00,107.82,0.38,107.83,1.00,107.83,7.00,,,,,,
107.96,23.77,107.96,25.03,107.95,25.00,107.95,100.00,107.95,0.38,107.96,1.00,107.96,7.00,,,,,,
108.09,23.60,108.09,25.11,108.08,25.10,108.08,100.00,108.08,0.38,108.09,1.00,108.09,7.00,,,,,,
108.22,23.59,108.22,25.18,108.21,25.20,108.21,100.00,108.21,0.38,108.22,1.00,108.22,7.00,,,,,,
108.35,23.60,108.35,25.25,108.34,25.20,108.34,100.00,108.34,0.38,108.35,1.00,108.35,7.00,,,,,,
108.48,23.25,108.48,25.32,108.47,25.30,108.47,100.00,108.47,0.38,108.48,1.00,108.48,7.00,,,,,,
108.61,23.17,108.61,25.40,108.60,25.40,108.60,100.00,108.60,0.37,108.61,1.00,108.61,7.00,,,,,,
108.74,23.18,108.74,25.49,108.73,25.50,108.73,100.00,108.73,0.38,108.74,1.00,108.74,7.00,,,,,,
108.87,23.12,108.87,25.57,108.86,25.60,108.86,100.00,108.86,0.38,108.87,1.00,108.87,7.00,,,,,,
109.00,23.01,109.00,25.68,108.99,25.70,108.99,100.00,108.99,0.38,109.00,1.00,108.99,7.00,,,,,,
109.13,22.86,109.13,25.78,109.12,25.80,109.12,100.00,109.12,0.37,109.13,1.00,109.12,7.00,,,,,,
109.26,22.73,109.25,25.91,109.25,25.90,109.25,100.00,109.25,0.38,109.25,1.00,109.25,7.10,,,,,,
109.39,22.94,109.38,26.06,109.38,26.10,109.38,100.00,109.38,0.38,109.38,1.00,109.38,7.10,,,,,,
109.52,22.97,109.51,26.21,109.51,26.20,109.51,100.00,109.51,0.38,109.51,1.00,109.51,7.10,,,,,,
109.65,22.78,109.64,26.35,109.64,26.40,109.64,100.00,109.64,0.38,109.64,1.00,109.64,7.10,,,,,,
109.78,22.86,109.77,26.48,109.77,26.50,109.77,100.00,109.77,0.38,109.77,1.00,109.77,7.10,,,,,,
109.91,22.82,109.90,26.61,109.90,26.60,109.90,100.00,109.90,0.38,109.90,1.00,109.90,7.10,,,,,,
110.04,22.54,110.03,26.71,110.03,26.70,110.03,100.00,110.03,0.37,110.03,1.00,110.03,7.10,,,,,,
110.17,22.84,110.16,26.81,110.16,26.80,110.16,100.00,110.16,0.37,110.16,1.00,110.16,7.10,,,,,,
110.30,23.02,110.29,26.88,110.29,26.90,110.29,100.00,110.29,0.38,110.29,1.00,110.29,7.10,,,,,,
110.43,22.81,110.42,26.94,110.42,26.90,110.42,100.00,110.42,0.37,110.42,1.00,110.42,7.10,,,,,,
110.56,22.81,110.55,27.00,110.55,27.00,110.55,100.00,110.55,0.38,110.55,1.00,110.55,7.10,,,,,,
110.68,22.41,110.68,27.04,110.68,27.00,110.68,100.00,110.68,0.37,110.68,1.00,110.68,7.10,,,,,,
110.81,22.89,110.81,27.07,110.81,27.10,110.81,100.00,110.81,0.37,110.81,1.00,110.81,7.10,,,,,,
110.94,22.82,110.94,27.09,110.94,27.10,110.94,100.00,110.94,0.38,110.94,1.00,110.94,7.10,,,,,,
111.07,22.72,111.07,27.10,111.07,27.10,111.07,100.00,111.07,0.37,111.07,1.00,111.07,7.10,,,,,,
111.20,22.73,111.20,27.12,111.20,27.10,111.20,100.00,111.20,0.36,111.20,1.00,111.20,7.10,,,,,,
111.33,22.88,111.33,27.12,111.33,27.10,111.33,100.00,111.33,0.37,111.33,1.00,111.33,7.10,,,,,,
111.46,22.76,111.46,27.13,111.46,27.10,111.46,100.00,111.46,0.38,111.46,1.00,111.46,7.20,,,,,,
111.59,22.89,111.59,27.14,111.59,27.10,111.59,100.00,111.59,0.38,111.59,1.00,111.59,7.20,,,,,,
111.72,23.05,111.72,27.16,111.72,27.20,111.72,100.00,111.72,0.38,111.72,1.00,111.72,7.20,,,,,,
111.85,23.00,111.85,27.19,111.85,27.20,111.85,100.00,111.85,0.37,111.85,1.00,111.85,7.20,,,,,,
111.98,23.20,111.98,27.25,111.98,27.30,111.98,100.00,111.98,0.37,111.98,1.00,111.98,7.20,,,,,,
112.11,23.68,112.11,27.33,112.11,27.30,112.11,100.00,112.11,0.38,112.11,1.00,112.11,7.20,,,,,,
112.24,23.65,112.24,27.44,112.24,27.40,112.24,100.00,112.24,0.38,112.24,1.00,112.24,7.20,,,,,,
112.37,23.87,112.37,27.53,112.37,27.50,112.37,100.00,112.37,0.38,112.37,1.00,112.37,7.20,,,,,,
112.50,23.77,112.50,27.65,112.50,27.70,112.50,100.00,112.50,0.38,112.50,1.00,112.50,7.20,,,,,,
112.63,23.89,112.63,27.74,112.63,27.70,112.63,100.00,112.63,0.38,112.63,1.00,112.63,7.20,,,,,,
112.76,23.81,112.76,27.86,112.76,27.90,112.76,100.00,112.76,0.38,112.76,1.00,112.76,7.20,,,,,,
112.89,23.91,112.89,27.92,112.89,27.90,112.89,100.00,112.89,0.38,112.89,1.00,112.89,7.20,,,,,,
113.02,23.65,113.02,27.97,113.02,28.00,113.02,100.00,113.02,0.38,113.02,1.00,113.02,7.20,,,,,,
113.15,23.59,113.15,28.01,113.14,28.00,113.14,100.00,113.14,0.38,113.15,1.00,113.15,7.20,,,,,,
113.28,23.71,113.28,28.05,113.27,28.10,113.27,100.00,113.27,0.38,113.28,1.00,113.28,7.20,,,,,,
113.41,23.53,113.41,28.08,113.40,28.10,113.40,100.00,113.40,0.38,113.41,1.00,113.41,7.30,,,,,,
113.54,23.15,113.54,28.12,113.53,28.10,113.53,100.00,113.53,0.37,113.54,1.00,113.54,7.30,,,,,,
113.67,23.49,113.67,28.28,113.66,28.30,113.66,100.00,113.66,0.37,113.67,1.00,113.67,7.30,,,,,,
113.80,23.30,113.80,28.28,113.79,28.30,113.79,100.00,113.79,0.37,113.80,1.00,113.80,7.30,,,,,,
113.93,23.16,113.93,28.30,113.92,28.30,113.92,100.00,113.92,0.36,113.93,1.00,113.93,7.30,,,,,,
114.06,22.88,114.06,28.36,114.05,28.40,114.05,100.00,114.05,0.37,114.06,1.00,114.06,7.30,,,,,,
114.19,22.73,114.19,28.41,114.18,28.40,114.18,100.00,114.18,0.38,114.19,1.00,114.19,7.30,,,,,,
114.32,22.78,114.32,28.46,114.31,28.50,114.31,100.00,114.31,0.38,114.32,1.00,114.31,7.30,,,,,,
114.45,22.79,114.45,28.49,114.44,28.50,114.44,100.00,114.44,0.38,114.45,1.00,114.44,7.30,,,,,,
114.58,22.68,114.57,28.49,114.57,28.50,114.57,100.00,114.57,0.38,114.57,1.00,114.57,7.30,,,,,,
114.71,22.74,114.70,28.46,114.70,28.50,114.70,100.00,114.70,0.37,114.70,1.00,114.70,7.30,,,,,,
114.84,22.82,114.83,28.42,114.83,28.40,114.83,100.00,114.83,0.38,114.83,1.00,114.83,7.30,,,,,,
114.97,22.81,114.96,28.36,114.96,28.40,114.96,100.00,114.96,0.38,114.96,1.00,114.96,7.30,,,,,,
115.10,22.92,115.09,28.29,115.09,28.30,115.09,100.00,115.09,0.37,115.09,1.00,115.09,7.30,,,,,,
115.23,22.86,115.22,28.21,115.22,28.20,115.22,100.00,115.22,0.38,115.22,1.00,115.22,7.30,,,,,,
115.36,23.03,115.35,28.09,115.35,28.10,115.35,100.00,115.35,0.38,115.35,1.00,115.35,7.30,,,,,,
115.49,23.08,115.48,28.00,115.48,28.00,115.48,100.00,115.48,0.38,115.48,1.00,115.48,7.30,,,,,,
115.62,23.19,115.61,27.88,115.61,27.90,115.61,100.00,115.61,0.38,115.61,1.00,115.61,7.30,,,,,,
115.75,23.31,115.74,27.74,115.74,27.70,115.74,100.00,115.74,0.38,115.74,1.00,115.74,7.30,,,,,,
115.88,23.34,115.87,27.59,115.87,27.60,115.87,100.00,115.87,0.38,115.87,1.00,115.87,7.30,,,,,,
116.01,23.40,116.00,27.44,116.00,27.40,116.00,100.00,116.00,0.38,116.00,1.00,116.00,7.30,,,,,,
116.13,23.50,116.13,27.27,116.13,27.30,116.13,100.00,116.13,0.38,116.13,1.00,116.13,7.30,,,,,,
116.26,23.40,116.26,27.09,116.26,27.10,116.26,100.00,116.26,0.38,116.26,1.00,116.26,7.30,,,,,,
116.39,23.46,116.39,26.89,116.39,26.90,116.39,100.00,116.39,0.38,116.39,1.00,116.39,7.30,,,,,,
116.52,23.42,116.52,26.70,116.52,26.70,116.52,100.00,116.52,0.38,116.52,1.00,116.52,7.30,,,,,,
116.65,23.32,116.65,26.46,116.65,26.50,116.65,100.00,116.65,0.37,116.65,1.00,116.65,7.30,,,,,,
116.78,23.44,116.78,26.26,116.78,26.30,116.78,100.00,116.78,0.38,116.78,1.00,116.78,7.30,,,,,,
116.91,23.21,116.91,26.01,116.91,26.00,116.91,100.00,116.91,0.38,116.91,1.00,116.91,7.30,,,,,,
117.04,23.20,117.04,25.76,117.04,25.80,117.04,100.00,117.04,0.38,117.04,1.00,117.04,7.30,,,,,,
117.17,23.08,117.17,25.53,117.17,25.50,117.17,100.00,117.17,0.38,117.17,1.00,117.17,7.30,,,,,,
117.30,22.86,117.30,25.26,117.30,25.30,117.30,100.00,117.30,0.38,117.30,1.00,117.30,7.30,,,,,,
117.43,22.82,117.43,25.00,117.43,25.00,117.43,100.00,117.43,0.38,117.43,1.00,117.43,7.30,,,,,,
117.56,22.77,117.56,24.72,117.56,24.70,117.56,100.00,117.56,0.38,117.56,1.00,117.56,7.30,,,,,,
117.69,22.84,117.69,24.43,117.69,24.40,117.69,100.00,117.69,0.38,117.69,1.00,117.69,7.30,,,,,,
117.82,22.72,117.82,24.16,117.82,24.20,117.82,100.00,117.82,0.38,117.82,1.00,117.82,7.30,,,,,,
117.95,22.61,117.95,23.86,117.95,23.90,117.95,100.00,117.95,0.38,117.95,1.00,117.95,7.30,,,,,,
118.08,22.73,118.08,23.58,118.08,23.60,118.08,100.00,118.08,0.38,118.08,1.00,118.08,7.30,,,,,,
118.21,22.87,118.21,23.27,118.21,23.30,118.21,100.00,118.21,0.38,118.21,1.00,118.21,7.30,,,,,,
118.34,22.84,118.34,22.94,118.33,22.90,118.33,100.00,118.33,0.38,118.34,1.00,118.34,7.30,,,,,,
118.47,23.07,118.47,22.63,118.46,22.60,118.46,100.00,118.46,0.38,118.47,1.00,118.47,7.30,,,,,,
118.60,23.21,118.60,22.31,118.59,22.30,118.59,100.00,118.59,0.38,118.60,1.00,118.60,7.30,,,,,,
118.73,23.41,118.73,22.02,118.72,22.00,118.72,100.00,118.72,0.38,118.73,1.00,118.73,7.30,,,,,,
118.86,23.57,118.86,21.71,118.85,21.70,118.85,100.00,118.85,0.38,118.86,1.00,118.86,7.30,,,,,,
118.99,23.79,118.99,21.41,118.98,21.40,118.98,100.00,118.98,0.38,118.99,1.00,118.99,7.30,,,,,,
119.12,24.04,119.12,21.15,119.11,21.10,119.11,100.00,119.11,0.38,119.12,1.00,119.12,7.20,,,,,,
119.25,24.15,119.25,20.89,119.24,20.90,119.24,100.00,119.24,0.38,119.25,1.00,119.25,7.20,,,,,,
119.38,24.49,119.38,20.69,119.37,20.70,119.37,100.00,119.37,0.38,119.38,1.00,119.38,7.20,,,,,,
119.51,24.74,119.51,20.50,119.50,20.50,119.50,100.00,119.50,0.38,119.51,1.00,119.51,7.20,,,,,,
119.64,24.87,119.64,20.31,119.63,20.30,119.63,100.00,119.63,0.38,119.64,1.00,119.63,7.20,,,,,,
119.77,25.10,119.77,20.16,119.76,20.10,119.76,100.00,119.76,0.38,119.77,1.00,119.76,7.20,,,,,,
119.90,25.29,119.89,20.02,119.89,20.00,119.89,100.00,119.89,0.38,119.89,1.00,119.89,7.20,,,,,,
120.03,25.56,120.02,19.94,120.02,19.90,120.02,100.00,120.02,0.38,120.02,1.00,120.02,7.20,,,,,,
120.16,25.89,120.15,19.85,120.15,19.90,120.15,100.00,120.15,0.38,120.15,1.00,120.15,7.20,,,,,,
120.29,26.13,120.28,19.79,120.28,19.80,120.28,100.00,120.28,0.38,120.28,1.00,120.28,7.20,,,,,,
120.42,26.35,120.41,19.75,120.41,19.70,120.41,100.00,120.41,0.38,120.41,1.00,120.41,7.20,,,,,,
120.55,26.51,120.54,19.71,120.54,19.70,120.54,100.00,120.54,0.38,120.54,1.00,120.54,7.20,,,,,,
120.68,26.95,120.67,19.69,120.67,19.70,120.67,100.00,120.67,0.38,120.67,1.00,120.67,7.20,,,,,,
120.81,27.22,120.80,19.68,120.80,19.70,120.80,100.00,120.80,0.38,120.80,1.00,120.80,7.20,,,,,,
120.94,27.52,120.93,19.67,120.93,19.70,120.93,100.00,120.93,0.38,120.93,1.00,120.93,7.20,,,,,,
121.07,27.86,121.06,19.66,121.06,19.70,121.06,100.00,121.06,0.38,121.06,1.00,121.06,7.20,,,,,,
121.20,28.11,121.19,19.66,121.19,19.70,121.19,100.00,121.19,0.38,121.19,1.00,121.19,7.20,,,,,,
121.33,28.47,121.32,19.67,121.32,19.70,121.32,100.00,121.32,0.38,121.32,1.00,121.32,7.20,,,,,,
121.45,28.82,121.45,19.67,121.45,19.70,121.45,100.00,121.45,0.38,121.45,1.00,121.45,7.10,,,,,,
121.58,29.03,121.58,19.67,121.58,19.70,121.58,100.00,121.58,0.38,121.58,1.00,121.58,7.10,,,,,,
121.71,29.47,121.71,19.67,121.71,19.70,121.71,100.00,121.71,0.38,121.71,1.00,121.71,7.10,,,,,,
121.84,29.71,121.84,19.67,121.84,19.70,121.84,100.00,121.84,0.38,121.84,1.00,121.84,7.10,,,,,,
121.97,29.98,121.97,19.66,121.97,19.70,121.97,100.00,121.97,0.38,121.97,1.00,121.97,7.10,,,,,,
122.10,30.36,122.10,19.66,122.10,19.70,122.10,100.00,122.10,0.38,122.10,1.00,122.10,7.10,,,,,,
122.23,30.67,122.23,19.65,122.23,19.60,122.23,100.00,122.23,0.38,122.23,1.00,122.23,7.10,,,,,,
122.36,30.91,122.36,19.65,122.36,19.60,122.36,100.00,122.36,0.38,122.36,1.00,122.36,7.10,,,,,,
122.49,31.37,122.49,19.65,122.49,19.60,122.49,100.00,122.49,0.38,122.49,1.00,122.49,7.10,,,,,,
122.62,31.68,122.62,19.64,122.62,19.60,122.62,100.00,122.62,0.38,122.62,1.00,122.62,7.10,,,,,,
122.75,32.12,122.75,19.64,122.75,19.60,122.75,100.00,122.75,0.38,122.75,1.00,122.75,7.10,,,,,,
122.88,32.33,122.88,19.63,122.88,19.60,122.88,100.00,122.88,0.38,122.88,1.00,122.88,7.00,,,,,,
123.01,32.70,123.01,19.64,123.01,19.60,123.01,100.00,123.01,0.33,123.01,1.00,123.01,7.00,,,,,,
123.14,32.84,123.14,19.63,123.14,19.60,123.14,100.00,123.14,0.38,123.14,1.00,123.14,7.00,,,,,,
123.27,33.11,123.27,19.62,123.27,19.60,123.27,100.00,123.27,0.38,123.27,1.00,123.27,7.00,,,,,,
123.40,33.48,123.40,19.62,123.40,19.60,123.40,100.00,123.40,0.38,123.40,1.00,123.40,7.00,,,,,,
123.53,33.86,,,123.53,19.60,123.53,100.00,123.53,0.38,,,123.53,7.00,,,,,,